_id,admin0pcode,createdAt,organization,organization_name,organization_type,updatedAt
63aacb6f91da90543712675f,ALL,,AAN,Action Aid Nigeria,International NGO,
63aacb6f91da905437126760,ALL,,ACT,Action for Community Transformation Organization,International NGO,
63aacb6f91da905437126763,ALL,,AHI,Action Health Incorporated,National NGO,
63aacb6f91da905437126764,ALL,,AIPD,Action Initiative for Peace and Development,National NGO,
63aacb6f91da905437126765,ALL,,ActionMedeor,Action Medeor,International NGO,
63aacb6f91da905437126766,ALL,,ActionAid,ActionAid,International NGO,
63aacb6f91da905437126769,ALL,,ActiveDA,Active in Development Aid,National NGO,
63aacb6f91da90543712676a,AF,,AAA,ActionAid Afghanistan,International NGO,
63aacb6f91da90543712676b,ALL,,ASI,Adam Smith International,International NGO,
63aacb6f91da90543712676c,ALL,,API,Adamawa Peace Initiative,National NGO,
63aacb6f91da90543712676d,ALL,,ASPC,Adamawa State Planning Commission,National NGO,
63aacb6f91da90543712676f,ALL,,AAC,Adopt-A-Camp,National NGO,
63aacb6f91da905437126770,AF,,AAID,Afghan Agency for Integrated Development,National NGO,
63aacb6f91da905437126771,ALL,,ADRA,Adventist Development and Relief Agency,International NGO,
63aacb6f91da905437126772,AF,,AAG,Afghan Assessment Group,National NGO,
63aacb6f91da905437126773,AF,,ABM,Afghan Blind Management,National NGO,
63aacb6f91da905437126774,AF,,ABCD,Afghan Business Capacity Development,National NGO,
63aacb6f91da905437126775,AF,,ACHRO,Afghan Community and Health Rehabilitation Organization,National NGO,
63aacb6f91da905437126776,AF,,AABRAR,Afghan Amputee Bicyclist for Rehabilitation and Recreation,National NGO,
63aacb6f91da905437126777,AF,,ACREOD,Afghan Community Research & Empowerment Organization for Development,National NGO,
63aacb6f91da905437126778,AF,,ACDO,Afghan Community Development Organization,National NGO,
63aacb6f91da905437126779,AF,,ADA,Afghan Development Association,National NGO,
63aacb6f91da90543712677a,AF,,ADHEO,Afghan Development of Health & Education Organization,National NGO,
63aacb6f91da90543712677b,AF,,ACD,Afghan Corporation for Development,National NGO,
63aacb6f91da90543712677c,AF,,ADVS,Afghan Disabled and Vulnerable Society,National NGO,
63aacb6f91da90543712677d,AF,,AFGA,Afghan Family Guidance Association,National NGO,
63aacb6f91da90543712677e,AF,,AGHCO,Afghan General Help Coordination Office,National NGO,
63aacb6f91da90543712677f,AF,,AGC,Afghan Green Leaf Consulting,National NGO,
63aacb6f91da905437126780,AF,,AHDS,Afghan Health & Development Services,National NGO,
63aacb6f91da905437126781,AF,,AIHE,Afghan Institute of Higher Education,National NGO,
63aacb6f91da905437126782,AF,,AGFA,Afghan Girls Financial Assistance,National NGO,
63aacb6f91da905437126783,AF,,ALCO,Afghan Land Consulting Organization,National NGO,
63aacb6f91da905437126784,AF,,AIL,Afghan Institute of Learning,National NGO,
63aacb6f91da905437126785,AF,,ALSO,Afghan Landmine Survivors Organisation,National NGO,
63aacb6f91da905437126786,AF,,ALO,Afghan Literacy Organization,National NGO,
63aacb6f91da905437126787,AF,,AMA,Afghan Midwives Association,National NGO,
63aacb6f91da905437126788,AF,,AMRAN,Afghan Mobile Reconstruction Association,National NGO,
63aacb6f91da905437126789,AF,,ANAFAE,Afghan National Association For Adult Education,National NGO,
63aacb6f91da90543712678a,AF,,APA,Afghan Planning Agency,National NGO,
63aacb6f91da90543712678b,AF,,ADWEO,Afghan Poor and Disabled Charity Organisation,National NGO,
63aacb6f91da90543712678c,AF,,APWO,Afghan Public Welfare Organization,National NGO,
63aacb6f91da90543712678d,AF,,ARCS,Afghan Red Crescent Society,Red Cross and Red Crescent Movement,
63aacb6f91da90543712678e,AF,,AS,Afghan Sadaqat,National NGO,
63aacb6f91da90543712678f,AF,,ASAARO,Afghan Social and Agriculture Affairs Rehabilitation Organization,National NGO,
63aacb6f91da905437126790,AF,,ASDO,Afghan Social Development Organization,National NGO,
63aacb6f91da905437126791,AF,,ATC,Afghan Technical Consultants,National NGO,
63aacb6f91da905437126792,AF,,ATO,Afghan Technical Organization,National NGO,
63aacb6f91da905437126793,AF,,ATDSO,Afghan Trust Development Service Organization,National NGO,
63aacb6f91da905437126794,AF,,AUDO,Afghan Unique Development Organization,National NGO,
63aacb6f91da905437126795,AF,,AURC,Afghan United Rehabilitation Counsel,National NGO,
63aacb6f91da905437126796,AF,,AVA,Afghan Voice Agency,Media,
63aacb6f91da905437126797,AF,,AVDA,Afghan Volunteer Doctors Association,National NGO,
63aacb6f91da905437126798,AF,,AWAKEN,Afghan Women and Kids Education and Necessities,National NGO,
63aacb6f91da905437126799,AF,,AWARD,Afghan Women Association for Rehabilitation and Development,National NGO,
63aacb6f91da90543712679a,AF,,AWCPO,Afghan Women Coordination and Promotion Organization,National NGO,
63aacb6f91da90543712679b,AF,,AWESDO,Afghan Women Educational Services Development Organization,National NGO,
63aacb6f91da90543712679c,AF,,APRCO,Afghan Poverty Relief Charity Organization,International NGO,
63aacb6f91da90543712679d,AF,,AWSE,Afghan Women Services and Education Organization,National NGO,
63aacb6f91da90543712679e,AF,,AWN,Afghan Women Network,National NGO,
63aacb6f91da9054371267a0,AF,,ATWDO,Afghan Women Training and Development Organization,National NGO,
63aacb6f91da9054371267a1,AF,,AWWDO,Afghan Women Welfare and Development Organization,National NGO,
63aacb6f91da9054371267a2,AF,,AWEC,Afghan Women's Education Center,National NGO,
63aacb6f91da9054371267a3,AF,,AWRC,Afghan Women's Resource Center,National NGO,
63aacb6f91da9054371267a4,AF,,AWRO,Afghan Women’s Rights Organization,National NGO,
63aacb6f91da9054371267a5,AF,,AYSO,Afghan Youth Service Organization,National NGO,
63aacb6f91da9054371267a6,AF,,AYTO,Afghan Youth Technical Organization,National NGO,
63aacb6f91da9054371267a7,ALL,,Afghanaid,Afghanaid,International NGO,
63aacb6f91da9054371267a8,AF,,AASRO,Afghanistan Academic and Social Research Organization,National NGO,
63aacb6f91da9054371267a9,AF,,AAIP,Afghanistan Agricultural Inputs Programme,National NGO,
63aacb6f91da9054371267aa,AF,,AGVSO,Afghanistan Agriculture and Veterinary Service Organization,National NGO,
63aacb6f91da9054371267ab,AF,,ABFO,Afghanistan Bright Future Organization,National NGO,
63aacb6f91da9054371267ac,AF,,ABR,Afghanistan Bureau for Reconstruction,National NGO,
63aacb6f91da9054371267ad,AF,,ACTD,Afghanistan Center for Training and Development,National NGO,
63aacb6f91da9054371267ae,AF,,AWWD,Afghan Women Welfare Department,National NGO,
63aacb6f91da9054371267af,AF,,ADWSO,Afghanistan Development and Welfare Services Organization,National NGO,
63aacb6f91da9054371267b0,AF,,ADGO,Afghanistan Development Green Organization,National NGO,
63aacb6f91da9054371267b1,AF,,ADOA,Afghanistan Development Organization for Afghans,National NGO,
63aacb6f91da9054371267b2,AF,,AGDO,Afghanistan Global Development Organization,National NGO,
63aacb6f91da9054371267b3,AF,,ADEO,Afghanistan Development and Education Organization,National NGO,
63aacb6f91da9054371267b4,AF,,AIESO,Afghanistan Independent Educational & Services Organization,National NGO,
63aacb6f91da9054371267b5,AF,,AIHRC,Afghanistan Independent Human Rights Commission,National NGO,
63aacb6f91da9054371267b6,AF,,ANDMA,Afghanistan National Disaster Management Authority,Government,
63aacb6f91da9054371267b7,AF,,ANPO,Afghanistan National Participation Association,National NGO,
63aacb6f91da9054371267b8,AF,,ANCC,Afghanistan National Re-Construction Coordination,National NGO,
63aacb6f91da9054371267b9,AF,,ARPD,Afghanistan Reconstruction And Planning Department,National NGO,
63aacb6f91da9054371267ba,AF,,ARDC,Afghanistan Rehabilitation and Development Center,National NGO,
63aacb6f91da9054371267bb,AF,,AREP,Afghanistan Rehabilitation and Educational Programs,National NGO,
63aacb6f91da9054371267bc,AF,,AfRC,Afghanistan Relief Committee,National NGO,
63aacb6f91da9054371267bd,AF,,ARS,Afghanistan Rescue Services,International NGO,
63aacb6f91da9054371267be,AF,,VuSAF,Afghanistan Schulen Union of Assistance for Schools in Afghanistan,International NGO,
63aacb6f91da9054371267bf,AF,,ASIO,Afghanistan Social Improvement Organization,National NGO,
63aacb6f91da9054371267c0,AF,,ASR,Afghanistan Strategic Resolution,International NGO,
63aacb6f91da9054371267c1,AF,,ASR-AF,Afghanistan Strategic Resourse,Private,
63aacb6f91da9054371267c2,AF,,AVO,Afghanistan Veterinary Organization,National NGO,
63aacb6f91da9054371267c3,AF,,AWARO,Afghanistan Water and Agriculture Research Organization,National NGO,
63aacb6f91da9054371267c4,AF,,AIBA,Afghanistan Independent Bar Association,National NGO,
63aacb6f91da9054371267c5,AF,,AWMSD,Afghanistan Women Media and Social Devolopment,National NGO,
63aacb6f91da9054371267c6,AF,,AWC,Afghanistan Women Council,National NGO,
63aacb6f91da9054371267c7,AF,,AWRSA,Afghanistan Women Rehabilitation and Skill Building Association,National NGO,
63aacb6f91da9054371267c8,AF,,AYNSO,Afghanistan Youth National Solidarity Organization,National NGO,
63aacb6f91da9054371267c9,AF,,ASCHIANA,Afghanistan's Children - A New Approach,National NGO,
63aacb6f91da9054371267ca,AF,,AWDO,Afghnaistan Women Devolopment Organization,National NGO,
63aacb6f91da9054371267cb,ALL,,AHA,Africa Humanitarian Action,International NGO,
63aacb6f91da9054371267cc,ALL,,Africa Union,Africa Union,National NGO,
63aacb6f91da9054371267cd,ALL,,AFDB,African Development Bank,Donor,
63aacb6f91da9054371267ce,ALL,,AHAI,African Humanitarian Aid international,International NGO,
63aacb6f91da9054371267cf,ALL,,AIRD,African Initiatives for Relief and Development,International NGO,
63aacb6f91da9054371267d1,ALL,,ARF-UK,African Relief Fund - UK,International NGO,
63aacb6f91da9054371267d2,ALL,,CDC-AU,African Union CDC,Donor,
63aacb6f91da9054371267d3,AF,,A4T,Afghans4Tomorrow,National NGO,
63aacb6f91da9054371267d4,ALL,,AFRYDEV,African Youth for Peace Development and Empowerment Foundation,National NGO,
63aacb6f91da9054371267d5,ALL,,AKDN,Aga Khan Development Network,International NGO,
63aacb6f91da9054371267d6,ALL,,AKAH,Aga Khan Agency for Habitat,International NGO,
63aacb6f91da9054371267d7,ALL,,AKHS,Aga Khan Health Service,International NGO,
63aacb6f91da9054371267d8,ALL,,AKF,Aga Khan Foundation,International NGO,
63aacb6f91da9054371267d9,ALL,,AGAOF,Against All Odds Foundation,National NGO,
63aacb6f91da9054371267db,AF,,ACBAR,Agency Coordinating Body for Afghan Relief,National NGO,
63aacb6f91da9054371267dc,AF,,AADA,Agency for Assistance and Development of Afghanistan,National NGO,
63aacb6f91da9054371267dd,ALL,,AFS,Agency for Farming Support,National NGO,
63aacb6f91da9054371267de,AF,,AHDAA,Agency for Humanitarian Development Assistance for Afghanistan,National NGO,
63aacb6f91da9054371267df,ALL,,APD,Agency for Peace and Development,National NGO,
63aacb6f91da9054371267e0,AF,,AREA,Agency for Rehabilitation and Energy Conservation in Afghanistan,National NGO,
63aacb6f91da9054371267e1,ALL,,ACTED,Agency for Technical Cooperation & Development,International NGO,
63aacb6f91da9054371267e2,AF,,ABNA,Agency for Building New Afghanistan,National NGO,
63aacb6f91da9054371267e4,ALL,,ACDI/VOCA,Agricultural Cooperative Development International and Volunteers in Overseas Cooperative Assistance,International NGO,
63aacb6f91da9054371267e5,ALL,,ADRO_Agricultural,Agricultural Development and Relief Organisation,International NGO,
63aacb6f91da9054371267e6,ALL,,AICS,Agenzia Italiana Per La Cooperazione Allo Sviluppo,International NGO,
63aacb6f91da9054371267e7,AF,,ADSOA,Agriculture Devolopment and Social Organization for Afghanistan,National NGO,
63aacb6f91da9054371267e8,ALL,,ADP,Agricultural Development Programme,Government,
63aacb6f91da9054371267e9,AF,,AAE,Aid Afghanistan for Education,National NGO,
63aacb6f91da9054371267ea,ALL,,AfA,Aid For Africa,Donor,
63aacb6f91da9054371267eb,ALL,,AV,Aid Vision,International NGO,
63aacb6f91da9054371267ec,ALL,,ALASKA,Alaska,International NGO,
63aacb6f91da9054371267ee,ALL,,ARCCo,Ahmad Ruhullah Construction Company,Private,
63aacb6f91da9054371267f0,ALL,,AFPD,Allamin Foundation for Peace and Development,National NGO,
63aacb6f91da9054371267f2,ALL,,ALDA,Amana Livestock Development and Medical Agency,National NGO,
63aacb6f91da9054371267f3,ALL,,ACEO,Ambassador Community Empowerment Organisation,National NGO,
63aacb6f91da9054371267f4,ALL,,ARC,America Refugees Committee,International NGO,
63aacb6f91da9054371267f5,ALL,,ARCC,American Resilience to Climate Change,International NGO,
63aacb6f91da9054371267f7,ALL,,AF,Americares Foundation,International NGO,
63aacb6f91da9054371267f9,ALL,,AFRANE,Amitie Franco-Afghan,International NGO,
63aacb6f91da9054371267fa,ALL,,AI,Amnesty Interntional,International NGO,
63aacb6f91da9054371267fb,ALL,,AMREF,Amref,International NGO,
63aacb6f91da9054371267fd,ALL,,ANONDO,ANONDO NGO,National NGO,
63aacb6f91da9054371267fe,AF,,ARAA,Ansari Rehabilitation Association for Afghanistan,National NGO,
63aacb6f91da9054371267ff,ALL,,ARANNAYK,Arannayk Foundation,National NGO,
63aacb6f91da905437126800,ALL,,AYDO,Arladi Youth Development Organization,National NGO,
63aacb6f91da905437126801,ALL,,AOSED,An Organization for Socio-Economic Development,National NGO,
63aacb6f91da905437126802,ALL,,ARZU,Arzu Studio Hope,International NGO,
63aacb6f91da905437126803,ALL,,ADB,Asia Development Bank,International Donor,
63aacb6f91da905437126804,ALL,,Asia-Foundation,Asia Foundation,International NGO,
63aacb6f91da905437126805,ALL,,ASMA,Asian Medical Students Association,International NGO,
63aacb6f91da905437126807,ALL,,AoH,Arm of Hope,National NGO,
63aacb6f91da90543712680c,ALL,,ACW,Association Community Welfare,National NGO,
63aacb6f91da90543712680d,AF,,AHEAD,Assitant for Health Education and Development,National NGO,
63aacb6f91da90543712680f,ALL,,ACHRO/EEO,Association of Chief Human Resource Officers / Equal Employment Officers,National NGO,
63aacb6f91da905437126810,ALL,,AOPO,Association of Organ Procurement Organizations,National NGO,
63aacb6f91da905437126811,ALL,,ASEAN,Association of Southeast Asian Nations,International NGO,
63aacb6f91da905437126813,ALL,,DFAT,Australian Government Department of Foreign Affairs and Trade,Government,
63aacb6f91da905437126814,ALL,,Austrialian HC,Australian High Commission,Donor,
63aacb6f91da905437126817,ALL,,BACTRIANE,Bactriane,International NGO,
63aacb6f91da905437126818,AF,,BWVO,Badakhshan Volunteer Women’s Organization,National NGO,
63aacb6f91da905437126819,AF,,BWHeO,Badakhshan Women Help Organization,National NGO,
63aacb6f91da90543712681a,ALL,,BMO,Badbaado Medical Organization,National NGO,
63aacb6f91da90543712681b,ALL,,BDN,Bakhtar Development Network,National NGO,
63aacb6f91da90543712681c,AF,,BDNRSA,Bakhter Development Network - Research and Services of Afghanistan,National NGO,
63aacb6f91da90543712681d,AF,,bnscaa,Bamyan Nawin Social,BNSCAA,
63aacb6f91da90543712681e,ALL,,BRA,Banadir Regional Administration,Government,
63aacb6f91da905437126821,ALL,,BGS,Bangla-German Sampreeti,International NGO,
63aacb6f91da905437126824,AF,,BEST,Basic Education and Employable Skill Training,National NGO,
63aacb6f91da905437126825,ALL,,BDLO,Banu Digital Literacy Organization,National NGO,
63aacb6f91da905437126826,ALL,,BASTOB,BASTOB Initiative for People's Self-Development,National NGO,
63aacb6f91da905437126827,AF,,BEFA,Basic Education for Afghans,National NGO,
63aacb6f91da905437126828,ALL,,BSDO,Bay Sanitation and Development Organization,National NGO,
63aacb6f91da905437126829,ALL,,BENCOWA,Benue Cooperative Women Alliance,National NGO,
63aacb6f91da90543712682b,ALL,,Blumont,Blumont Global Development,International NGO,
63aacb6f91da90543712682d,ALL,,BEAFRO,Beautiful Eves of Africa Organisation,National NGO,
63aacb6f91da905437126832,AF,,BFANO,Bright Future for Afghan Needful Organization,National NGO,
63aacb6f91da905437126833,ALL,,British HC,British High Commission,Donor,
63aacb6f91da905437126834,ALL,,BROWN UNIVERSITY,Brown University,University,
63aacb6f91da905437126835,ALL,,BC,British Council,International NGO,
63aacb6f91da905437126837,ALL,,BRAC,Building Resources Across Communities,International NGO,
63aacb6f91da905437126838,ALL,,BARAN,Bu Ali Rehabilitation and Aid Network,National NGO,
63aacb6f91da905437126839,ALL,,BERO,Bureau of Environment And Rehabilitation Organization,National NGO,
63aacb6f91da90543712683a,ALL,,BHDC,Burhakaba Hospital District Committee,National NGO,
63aacb6f91da90543712683c,ALL,,BAI,Bureau of Animal Industry,International NGO,
63aacb6f91da90543712683d,ALL,,CIDA,Canadian International Development Agency,Donor,
63aacb6f91da90543712683e,ALL,,CPSU,Canadian Program Support Unit,International NGO,
63aacb6f91da90543712683f,ALL,,CANCILLERIA,Cancillería,Goverment,
63aacb6f91da905437126840,ALL,,CPHA,Canadian Public Health Association,International NGO,
63aacb6f91da905437126843,ALL,,CARE,Care International,International NGO,
63aacb6f91da905437126845,AF,,CAF,Care of Afghan Families,National NGO,
63aacb6f91da905437126847,ALL,,CFL,Care for Life Mission,National NGO,
63aacb6f91da905437126848,ALL,,CARITAS-G,Caritas Germany,International NGO,
63aacb6f91da905437126849,ALL,,CARITAS,Caritas International,International NGO,
63aacb6f91da90543712684a,ALL,,CI,Caritas Internationalis,International NGO,
63aacb6f91da90543712684c,ALL,,CARITASSUIZA,Caritas Suiza,International NGO,
63aacb6f91da90543712684f,ALL,,CORDAID,Catholic Organization for Relief and Development Aid,International NGO,
63aacb6f91da905437126850,ALL,,CRS,Catholic Relief Services,International NGO,
63aacb6f91da905437126851,ALL,,CCHD,Center for Community Health Development,National NGO,
63aacb6f91da905437126852,ALL,,CDD West Africa,Center for Democracy and Development,International NGO,
63aacb6f91da905437126853,ALL,,CIVIC,Center for Civilians in Conflict,International NGO,
63aacb6f91da905437126854,ALL,,CHEDA,Center for Health and Development,National NGO,
63aacb6f91da905437126855,ALL,,CDD,Center for Disability in Development,International NGO,
63aacb6f91da905437126856,ALL,,CDC-NSToP,Centers for Disease Control-National Stop transmission of Polio,International NGO,
63aacb6f91da905437126857,AF,,CAWC,Central Afghanistan Welfare Committee,National NGO,
63aacb6f91da905437126858,ALL,,CADG,Central Asia Development Group,International NGO,
63aacb6f91da905437126859,ALL,,CAI_Asia,Central Asia Institution,International NGO,
63aacb6f91da90543712685a,ALL,,CERF,Central Emergency Response Fund,Donor,
63aacb6f91da90543712685c,ALL,,ccepi,Centre for Caring,CCEPI,
63aacb6f91da90543712685d,ALL,,CDDRN,Centre for Community Development and Research Network,National NGO,
63aacb6f91da905437126861,ALL,,CEPADR,Centre for Peace Building and Disaster Relief,National NGO,
63aacb6f91da905437126862,ALL,,CSCPD,Centre for Social Cohesion Peace and Development,National NGO,
63aacb6f91da905437126863,ALL,,CWAE,Centre for Women and Adolescent Empowerment,National NGO,
63aacb6f91da905437126864,ALL,,CFWAE,Centre For Women Employment and Advancement,National NGO,
63aacb6f91da905437126865,ALL,,CID,Centre of Initiative for Development,National NGO,
63aacb6f91da905437126866,ALL,,CDHI,Chabash Development and Health Initiative,National NGO,
63aacb6f91da905437126867,ALL,,CoCIMA,Chamber of Commerce Industry Mines and Agriculture,National NGO,
63aacb6f91da905437126868,ALL,,CIDAR,Center for Integrated Development and Research,International NGO,
63aacb6f91da905437126869,ALL,,CPAN,Child Protection Action Network,Government,
63aacb6f91da90543712686a,ALL,,CPPLI,Child Protection and Peer Learning Initiative,National NGO,
63aacb6f91da90543712686b,ALL,,CSI,Childbirth Survival International,National NGO,
63aacb6f91da90543712686c,ALL,,ChildFund,ChildFund,International NGO,
63aacb6f91da90543712686d,ALL,,CIC,Children in Crisis,International NGO,
63aacb6f91da90543712686f,ALL,,CCDB,Christian Commission for the Development of Bangladesh,International NGO,
63aacb6f91da905437126871,ALL,,CAID,Christian Aid,International NGO,
63aacb6f91da905437126872,ALL,,COTB,Church of the Brethren,Donor,
63aacb6f91da905437126876,ALL,,CSHRO,Civil Society and Human Rights Organization,National NGO,
63aacb6f91da905437126877,ALL,,CISLAC,Civil Society Legislative Advocacy Centre,National NGO,
63aacb6f91da90543712687a,ALL,,CVIF,Clear View Integrity Foundation,National NGO,
63aacb6f91da90543712687b,ALL,,CVG,Civil Voluntary Group,International NGO,
63aacb6f91da90543712687f,ALL,,CCM,Comitato Collaborazione Medica,International NGO,
63aacb6f91da905437126880,ALL,,CISP,Comitato Internazionale per lo Sviluppo dei Popoli,International NGO,
63aacb6f91da905437126882,ALL,,Comm. Technology,Comm. Technology,National NGO,
63aacb6f91da905437126883,ALL,,CRAA,Committee for Rehabilitation Aid to Afghanistan,International NGO,
63aacb6f91da905437126884,ALL,,COCOSOHODI,Communal Conservation Friendly Health and Social Development Support Initiative (COCOSOHODI),National NGO,
63aacb6f91da905437126885,AF,,CAHPO,Community Action for Healing Poverty Organization,National NGO,
63aacb6f91da905437126886,ALL,,CFSI,Community and Family Services International,International NGO,
63aacb6f91da905437126887,ALL,,CBRDP,Community Based Rural Development Program,National NGO,
63aacb6f91da905437126889,ALL,,CCD,Community Centre for the Disabled,National NGO,
63aacb6f91da90543712688c,ALL,,CCF-Canada,Co-operative Commonwealth Federation Canada,International NGO,
63aacb6f91da90543712688d,ALL,,CEDO,Community Empowerment and Development Organization,National NGO,
63aacb6f91da90543712688e,ALL,,CDCi,Community Development Council,Local Council,
63aacb6f91da90543712688f,ALL,,CEPFoWY,Community Empowerment and Peace Building Foundation for Women and Youth,National NGO,
63aacb6f91da905437126890,ALL,,CHJPID,Community Health Justice And Peace Intiative For Development,National NGO,
63aacb6f91da905437126892,ALL,,CMHCC,Community Mental Health Care Centre,National NGO,
63aacb6f91da905437126893,ALL,,CoPI,Community Partners International,International NGO,
63aacb6f91da905437126894,ALL,,CRI,Community Reachout Initiative,National NGO,
63aacb6f91da905437126895,AF,,CWSA,Community World Service Asia,International NGO,
63aacb6f91da905437126897,AF,,CMVAO,Complete Moon for Vulnerable Afghan Organization,National NGO,
63aacb6f91da905437126898,ALL,,CARD-F,Comprehencsive Agriculture Rural Developoment Facility,National NGO,
63aacb6f91da905437126899,ALL,,COWACDI,Concern for Women & Children Development Foundation,National NGO,
63aacb6f91da90543712689a,ALL,,CWW,Concern World Wide,International NGO,
63aacb6f91da90543712689b,ALL,,cssf,Conflict,CSSF,
63aacb6f91da90543712689d,AF,,COAM,Conservation Organization for Afghan Mountain areas,National NGO,
63aacb6f91da90543712689e,AF,,CCA,Cooperation Center for Afghanistan,National NGO,
63aacb6f91da90543712689f,AF,,CRA,Cooperation For Reconstruction Of Afghanistan,National NGO,
63aacb6f91da9054371268a0,AF,,CCAO,Cooperation to Change Afghanistan Organization,National NGO,
63aacb6f91da9054371268a1,ALL,,CESVI,Cooperazione e Sviluppo Fondazione Onlus,International NGO,
63aacb6f91da9054371268a2,ALL,,COOPI,Cooperazione Internazionale,International NGO,
63aacb6f91da9054371268a3,AF,,CGVDSO,Coordination and Gradation of Vocational Development Skill Organization,National NGO,
63aacb6f91da9054371268a4,AF,,CoAR,Coordination of Afghan Relief,National NGO,
63aacb6f91da9054371268a5,AF,,CHA,Coordination of Humanitarian Assistance,National NGO,
63aacb6f91da9054371268a6,ALL,,CYPA,Community Youth Peacbuilding Association,National NGO,
63aacb6f91da9054371268ac,AF,,CRDSA,Coordination of Rehabilitation and Development Services for Afghanistan,National NGO,
63aacb6f91da9054371268af,ALL,,CPI,Counter Part International,International NGO,
63aacb6f91da9054371268b1,ALL,,CAI_Associates,Creative Associates International,International NGO,
63aacb6f91da9054371268b2,ALL,,CAN,Creative Alternatives Now,National NGO,
63aacb6f91da9054371268b4,ALL,,CA,Crown Agents,International NGO,
63aacb6f91da9054371268b5,ALL,,CTG,CTG Global,International Organization,
63aacb6f91da9054371268b6,ALL,,DQG,Da Qanoon Ghustonky (Legal Aid),National NGO,
63aacb6f91da9054371268b7,ALL,,DCA,DanChurchAid,International NGO,
63aacb6f91da9054371268b8,ALL,,DAARTT,Danish Assistance to Afghan Rehabilitation and Technical Training,International NGO,
63aacb6f91da9054371268b9,ALL,,DACAAR,Danish Committee for Aid to Afghan Refugees,International NGO,
63aacb6f91da9054371268bb,ALL,,DANIDA,Danish International Development Agency,Donor,
63aacb6f91da9054371268bc,ALL,,DRC,Danish Refugee Council,International NGO,
63aacb6f91da9054371268bd,ALL,,DAWA,Dawa Al Islamiya,International NGO,
63aacb6f91da9054371268be,ALL,,DBC,DBC,National NGO,
63aacb6f91da9054371268bf,ALL,,DDG/DRC,DDG/DRC,International NGO,
63aacb6f91da9054371268c1,ALL,,DHO,Deggaras Humanitarian Organization,National NGO,
63aacb6f91da9054371268c3,ALL,,DAF,Delight Affection Foundation,National NGO,
63aacb6f91da9054371268c4,ALL,,DAFA,Demining Agency For Afghanistan,International NGO,
63aacb6f91da9054371268c5,ALL,,DAG,Democratic Action Group,National NGO,
63aacb6f91da9054371268c7,ALL,,DFID,Department for International Development,Donor,
63aacb6f91da9054371268c8,ALL,,DoA,Department of Agriculture,Government,
63aacb6f91da9054371268c9,ALL,,DoE,Department of Education,Government,
63aacb6f91da9054371268ca,ALL,,DAC,Danish Afghanistan Committee,International NGO,
63aacb6f91da9054371268cb,ALL,,DoH,Department of Health,Government,
63aacb6f91da9054371268cc,ALL,,DoLSA,Department of Labor and Social Affairs,Government,
63aacb6f91da9054371268cd,ALL,,DoPH,Department of Public Health,Government,
63aacb6f91da9054371268ce,ALL,,DPHE,Department of Public Health and Engineering,Government,
63aacb6f91da9054371268cf,ALL,,DoRR,Department of Refugees and Repatriation,Government,
63aacb6f91da9054371268d0,ALL,,DoRRD,Department of Rural Rehabilitation and Development,Government,
63aacb6f91da9054371268d1,ALL,,DSS,Department of State Services,Government,
63aacb6f91da9054371268d3,ALL,,DoWA,Department of Women's Affairs,Government,
63aacb6f91da9054371268d4,ALL,,DAI,Development Alternatives Inc.,International Organization,
63aacb6f91da9054371268d5,ALL,,WHH,Deutsche Welthungerhilfe e. V. (German Agro Action),International NGO,
63aacb6f91da9054371268d6,ALL,,ODCG,Development and Care Group,National NGO,
63aacb6f91da9054371268d7,AF,,DAO,Development and Ability Organization,National NGO,
63aacb6f91da9054371268d8,AF,,DHSA,Development and Humanitarian Services for Afghanistan,National NGO,
63aacb6f91da9054371268d9,AF,,DRAA,Development and Rehabilitation Agency for Afghanistan,National NGO,
63aacb6f91da9054371268da,ALL,,DCLWO,Development and Change Life Women Organization,National NGO,
63aacb6f91da9054371268db,ALL,,DANA,Development Association for National Cooperation,National NGO,
63aacb6f91da9054371268dc,ALL,,DELTA,Development Education Learning & Training Association,National NGO,
63aacb6f91da9054371268de,AF,,DAWO,Development of Afghan Family Organization,National NGO,
63aacb6f91da9054371268e1,ALL,,DSWCO,Development and Services for Women and Children Organization,National NGO,
63aacb6f91da9054371268e3,ALL,,DIRECT AID,Direct Aid,International NGO,
63aacb6f91da9054371268e4,ALL,,echo,ECHO,ECHO,
63aacb6f91da9054371268e5,ALL,, and Livestock,Directors of Agriculture,dail,
63aacb6f91da9054371268e6,ALL,,DRF,Disability Rights Fund,Donor,
63aacb6f91da9054371268e7,ALL,,DCPAN,District Child Protection Action Network,Government,
63aacb6f91da9054371268e8,ALL,,DDA,District Development Assembly,Government,
63aacb6f91da9054371268e9,ALL,,DRI,Domestic Response Initiative,National NGO,
63aacb6f91da9054371268eb,ALL,,DRDO,Doyale Relief and Development Organisation,National NGO,
63aacb6f91da9054371268ec,ALL,,DAWOSF,Dream Alive Women and Orphans Support foundation,National NGO,
63aacb6f91da9054371268ee,ALL,,DC-A,Dutch Committee for Afghanistan,International NGO,
63aacb6f91da9054371268ef,ALL,,E-Netherlands,Dutch Government,Donor,
63aacb6f91da9054371268f0,ALL,,DRA,Dutch Relief Alliance,Donor,
63aacb6f91da9054371268f1,ALL,,DTC,Dutch Technical Cooperation,International NGO,
63aacb6f91da9054371268f2,ALL,,E-HEALTH,E-HEALTH Africa,International NGO,
63aacb6f91da9054371268f3,ALL,,EVO,East Vision Organisation,National NGO,
63aacb6f91da9054371268f5,ALL,,ECBWO,Economic Capacity Building Women Organization,National NGO,
63aacb6f91da9054371268f6,AF,,EAC,Education and Aid Center Afghanistan,National NGO,
63aacb6f91da9054371268f7,ALL,,DPCB,Disease Prevention and Control Bureau,Government,
63aacb6f91da9054371268f8,ALL,,EHBA,Education and Handicraft Bureau for Afghanistan,International NGO,
63aacb6f91da9054371268f9,ALL,,ECR,Education Crisis Response,National NGO,
63aacb6f91da9054371268fa,ALL,,EiEWG,Education in Emergencies Working Group,International NGO,
63aacb6f91da9054371268fb,AF,,EDGAO,Educational Developmental Girls Afghanistan Organisation,National NGO,
63aacb6f91da9054371268ff,ALL,,EPCHO,Elberde Primary Health Care Organisation,National NGO,
63aacb6f91da905437126901,ALL,,E-Denmark,Embassy of Denmark,Donor,
63aacb6f91da905437126902,ALL,,E-Filand,Embassy of Finland,Donor,
63aacb6f91da905437126903,ALL,,E-France,Embassy of France,Donor,
63aacb6f91da905437126904,ALL,,E-Israel,Embassy of Israel,Donor,
63aacb6f91da905437126905,ALL,,E-Poland,Embassy of Poland,Donor,
63aacb6f91da905437126906,ALL,,E-Sweden,Embassy of Sweden,Donor,
63aacb6f91da905437126907,ALL,,E-Switzerland,Embassy of Switzerland,Donor,
63aacb6f91da905437126908,ALL,,ELMA,ELMA Relief Foundation,Donor,
63aacb6f91da905437126909,ALL,,EHD,Emergency Help for Development,International NGO,
63aacb6f91da90543712690a,ALL,,ESNFI,Emergency Shelter Non-Food Item,Cluster,
63aacb6f91da90543712690b,ALL,,EMERGENCY,Emergency,International NGO,
63aacb6f91da90543712690c,AF,,ECW,Empowerment Center for Women,National NGO,
63aacb6f91da90543712690d,ALL,,EODT,EODT (Demining Company),National NGO,
63aacb6f91da90543712690e,ALL,,EpiB,Epidemiology Bureau,Government,
63aacb6f91da90543712690f,ALL,,EA,Equal Access,International NGO,
63aacb6f91da905437126918,ALL,,ELCS,Emerging Leaders Consulting Services,National NGO,
63aacb6f91da905437126919,ALL,,EC,European Commission,Donor,
63aacb6f91da90543712691a,ALL,,EU,European Union,Donor,
63aacb6f91da90543712691c,ALL,,EG,Evergreen,National NGO,
63aacb6f91da90543712691d,ALL,,EGI,Every Girl Initiative,National NGO,
63aacb6f91da90543712691e,ALL,,FAITH IN ACTION,Faith in Action,International NGO,
63aacb6f91da90543712691f,ALL,,FHI-360,Family Health International 360,International NGO,
63aacb6f91da905437126920,ALL,,FWF,Family Welfare Focus,National NGO,
63aacb6f91da905437126921,ALL,,FEWSNET,Famine Early Warning Systems Network,International NGO,
63aacb6f91da905437126922,ALL,,FCTA,Federal Capital Territory Administration,Government,
63aacb6f91da905437126923,ALL,,Federal Min. Women Affairs,Federal Min. Women Affairs,National NGO,
63aacb6f91da905437126924,ALL,,FMARD,Federal Ministry of Agriculture and Rural Development,Government,
63aacb6f91da905437126925,ALL,,FMoEdu,Federal Ministry of Education,Government,
63aacb6f91da905437126926,ALL,,FMoEnv,Federal Ministry of Environment,Government,
63aacb6f91da905437126928,ALL,,FMoH,Federal Ministry of Health,Government,
63aacb6f91da90543712692c,ALL,,FMF,Federal Ministry of Finance,Government,
63aacb6f91da90543712692d,ALL,,FMoWASD,Federal Ministry of Women's Affairs and Social Development,Government,
63aacb6f91da90543712692f,ALL,,FIDA,Federation of Women Lawyers,International NGO,
63aacb6f91da905437126930,AF,,FRDO,Female Rehabilitation Development Organization,National NGO,
63aacb6f91da905437126931,ALL,,FHI360,FHI 360,International NGO,
63aacb6f91da905437126933,ALL,,FLCW,First Lutheran Church Women,International NGO,
63aacb6f91da905437126934,ALL,,FSACI,First Step Action for Children Initiative,National NGO,
63aacb6f91da905437126935,ALL,,FI,Flag International,International Organization,
63aacb6f91da905437126936,ALL,,FOCUS,Focus Humanitarian Assistance,International NGO,
63aacb6f91da905437126939,ALL,,FAO,Food and Agriculture Organization,United Nations,
63aacb6f91da90543712693a,ALL,,FDA,Food and Drug Administration,Government,
63aacb6f91da90543712693b,ALL,,FH,Food for the Hungry,International NGO,
63aacb6f91da90543712693d,ALL,,FMoWR,Federal Ministry of Water Resources,Government,
63aacb6f91da905437126957,AF,,FGA,Future Generations Afghanistan,National NGO,
63aacb6f91da905437126958,ALL,,GCCD,Gammun Centre for Care and Development,National NGO,
63aacb6f91da90543712695c,ALL,,GEIDAMJIN,GEIDAMJIN Foundation,National NGO,
63aacb6f91da90543712695e,ALL,,GFFO,German Federal Foreign Office,Donor,
63aacb6f91da90543712695f,ALL,,BMZ,German Federal Ministry for Economic Coorperation and Development,Donor,
63aacb6f91da905437126961,ALL,,GIZ-DETA,German International Cooperation-Development-oriented Emergency and Transitional Aid,Donor,
63aacb6f91da905437126962,ALL,,GIZ-EMERG,German International Cooperation-EMERG,Donor,
63aacb6f91da905437126963,ALL,,GIZ,German International Cooperation,Donor,
63aacb6f91da905437126964,ALL,,GTZ,Gesellschaft für Technische Zusammenarbeit,International NGO,
63aacb6f91da905437126965,ALL,,GRSP,Ghazni Rural Support Program,National NGO,
63aacb6f91da905437126967,ALL,,GAC,Global Affairs Canada,Donor,
63aacb6f91da905437126969,ALL,,GAIN,Global Alliance for Improved Nutrition,International NGO,
63aacb6f91da90543712696a,ALL,,GCA,Global Care Afghanistan,International NGO,
63aacb6f91da90543712696b,ALL,,GCCS,Global Center on Cooperative Security,National NGO,
63aacb6f91da90543712696c,ALL,,GEESI,Global Education Emergency Support Initiative,National NGO,
63aacb6f91da90543712696d,ALL,,Global Fund,Global Fund for Women,Donor,
63aacb6f91da90543712696e,ALL,,GFO,Global Fund Observer,Donor,
63aacb6f91da90543712696f,ALL,,GHNI,Global Hope Network International,International NGO,
63aacb6f91da905437126970,ALL,,GP,Global Partners,Commercial-Private,
63aacb6f91da905437126971,AF,,GPFA,Global Partnership for Afghanistan,National NGO,
63aacb6f91da905437126972,ALL,,GPD,Global Peace Development,National NGO,
63aacb6f91da905437126973,ALL,,GR,Global Relief,International NGO,
63aacb6f91da905437126974,ALL,,German RC,German Red Cross,Red Cross and Red Crescent Movement,
63aacb6f91da905437126975,ALL,,GRDM,Global Relief & Development Mission,National NGO,
63aacb6f91da905437126977,ALL,,GVC,Global Vision Consultancy,Commercial-Private,
63aacb6f91da905437126978,ALL,,GW,Global Witness,International NGO,
63aacb6f91da90543712697b,ALL,,GZDI,Goggoji Zumunchi Development Initiative,National NGO,
63aacb6f91da90543712697c,ALL,,GI,Goggz Initiative,National NGO,
63aacb6f91da90543712697d,ALL,,GOAL,GOAL,International NGO,
63aacb6f91da90543712697e,ALL,,GK-MI,Gonoshsthaya Kendra - Malteser International,International NGO,
63aacb6f91da905437126980,ALL,,GNI,Good Neighbors International,International NGO,
63aacb6f91da905437126981,ALL,,GoJ,Government of Japan,Donor,
63aacb6f91da905437126982,ALL,,GK,Gonoshsthaya Kendra,National NGO,
63aacb6f91da905437126983,ALL,,GoN,Government of Norway,Donor,
63aacb6f91da905437126984,ALL,,GISCOR,Grassroots Initiative for Strengthening Community Resilience,National NGO,
63aacb6f91da905437126986,AF,,GPA,Green Plant for Afghanistan,National NGO,
63aacb6f91da905437126987,ALL,,GreenWay,Green Way Organization,National NGO,
63aacb6f91da905437126989,ALL,,GRT,Gruppo Per Le Relazoni Transculurali,International NGO,
63aacb6f91da90543712698a,ALL,,GWO,Guhar Welfare Organization,National NGO,
63aacb6f91da90543712698b,ALL,,GYM,Gumel Youth Movement,National NGO,
63aacb6f91da90543712698d,ALL,,Hadful,Hadful Cooperative Construction and Development for Social Affairs,National NGO,
63aacb6f91da90543712698e,ALL,,HAEFA,Haefa,International NGO,
63aacb6f91da90543712698f,ALL,,HAGAR,Hagar Afghanistan,International NGO,
63aacb6f91da905437126991,ALL,,ht,HT,HT,
63aacb6f91da905437126992,ALL,,HCSF,Hamdily Cultural and Social Foundation,National NGO,
63aacb6f91da905437126993,AF,,HIHAO,Hand In Hand Afghanistan Organization,National NGO,
63aacb6f91da905437126994,ALL,,Help Cox,Hand to Embrace the Less Privileged,National NGO,
63aacb6f91da905437126995,ALL,,HI,Handicap International,International NGO,
63aacb6f91da905437126996,ALL,,HCT Coordination,HCT Coordination,UN Agency,
63aacb6f91da905437126997,ALL,,HSDO,Health & Social Development Organization,National NGO,
63aacb6f91da905437126998,ALL,,HCDFI,Health Care Development Focus Initiative,National NGO,
63aacb6f91da905437126999,ALL,,ahf,AHF,AHF,
63aacb6f91da90543712699a,ALL,,GESDI,Green Enviromental Support and Development Initiative,National NGO,
63aacb6f91da90543712699b,ALL,,HealthNet TPO,Health Net - Trans cultural Psychosocial Organization,International NGO,
63aacb6f91da90543712699c,ALL,,HEMB,Health Emergency Management Bureau,Government,
63aacb6f91da90543712699d,ALL,,HPA,Health Poverty Action,National NGO,
63aacb6f91da90543712699f,ALL,,HAI,Heartland Alliance International,International NGO,
63aacb6f91da9054371269a0,ALL,,HCI,Heed the Child Initiative,National NGO,
63aacb6f91da9054371269a1,ALL,,HEKS/EPER,Heks Eper,International NGO,
63aacb6f91da9054371269a2,ALL,,Help Age,Help Age International,International NGO,
63aacb6f91da9054371269a3,AF,,HRPA,Help and Reconstruction Program For Afghanistan,National NGO,
63aacb6f91da9054371269a4,ALL,,Help the Needy,Help the Needy,International NGO,
63aacb6f91da9054371269a5,AF,,HPAF,Help the Poor in Afghanistan,National NGO,
63aacb6f91da9054371269a6,AF,,HAFO,Helping Afghan Farmers Organization,National NGO,
63aacb6f91da9054371269a7,AF,,HHWO,Helping Hands for Women Organization,National NGO,
63aacb6f91da9054371269a8,ALL,,helvetas,Helvetas,HELVETAS,
63aacb6f91da9054371269a9,AF,,HAALO,Hemat Afghan Agriculture Livestock Organization,National NGO,
63aacb6f91da9054371269aa,ALL,,HCDI,HERWA Community Development Initiative,National NGO,
63aacb6f91da9054371269ab,AF,,HEWAD,Hewad Reconstruction on Health and Humanitarian Assistance Committee,National NGO,
63aacb6f91da9054371269ac,AF,,HTAC,Help the Afghan Children,National NGO,
63aacb6f91da9054371269ad,AF,,HARO,High Afghanistan Rehabilitation Organization,National NGO,
63aacb6f91da9054371269ae,ALL,,HC Canada,High Commission of Canada,Donor,
63aacb6f91da9054371269af,ALL,,HIDIG,Hidig Relief and Development Organization,National NGO,
63aacb6f91da9054371269b0,ALL,,HELP DE,Hilfe zur Selbsthilfe e.V.,International NGO,
63aacb6f91da9054371269b3,ALL,,HC,Holand Committee,International NGO,
63aacb6f91da9054371269b4,AF,,HODA,Hoda-e-Sharq Organization for Development of Afghanistan,National NGO,
63aacb6f91da9054371269ba,ALL,,HOPE,Hope International,International NGO,
63aacb6f91da9054371269bf,ALL,,Huda CDI,Huda Community Development Initiative,National NGO,
63aacb6f91da9054371269c0,ALL,,HAVYC,Horn of Africa Voluntary Youth Committee,National NGO,
63aacb6f91da9054371269c1,ALL,,HA,Human Appeal,International NGO,
63aacb6f91da9054371269c2,ALL,,HEDA,Human & Environmental Development Agenda,National NGO,
63aacb6f91da9054371269c4,ALL,,HDS,Human Dignity Society,National NGO,
63aacb6f91da9054371269c5,ALL,,HLDI,Human Life Development Initiative,National NGO,
63aacb6f91da9054371269c6,ALL,,HNI,Human Network International,International NGO,
63aacb6f91da9054371269c7,AF,,HRDA,Human Resource Development Agency,National NGO,
63aacb6f91da9054371269c8,AF,,HRRAC,Human Rights Research and Advocacy Consortium,National NGO,
63aacb6f91da9054371269c9,ALL,,HSPRO,Human Social Prosperity Relief Organization,National NGO,
63aacb6f91da9054371269ca,ALL,,HAPA,Humanitarian Action for People of Afghanistan,International NGO,
63aacb6f91da9054371269cb,AF,,HHAAWC,Humanitarian and Health Aids For Afghan Women and Children,National NGO,
63aacb6f91da9054371269cc,ALL,,HAD,Humanitarian Aid and Development Cooperation,Donor,
63aacb6f91da9054371269cd,ALL,,HAEO,Humanitarian Assistance and Empowerment Organization,National NGO,
63aacb6f91da9054371269ce,AF,,HADAAF,Humanitarian Assistance and Development Association for Afghanistan,National NGO,
63aacb6f91da9054371269cf,AF,,HAWCA,Humanitarian Assistance for the Women and Children of Afghanistan,National NGO,
63aacb6f91da9054371269d0,AF,,HAAWC,Humanitarian Assistance for Afghan Women and Children,National NGO,
63aacb6f91da9054371269d1,ALL,,HAM,Humanitarian Assistance Muska,National NGO,
63aacb6f91da9054371269d2,AF,,HAMAO,Humanitarian Assistance Mission for Afghanistan Organization,National NGO,
63aacb6f91da9054371269d3,ALL,,HCWO,Humanitarian Community and Welfare Organization,National NGO,
63aacb6f91da9054371269d4,ALL,,HIJRA,Humanitarian Initiative Just Relief Aid,International NGO,
63aacb6f91da9054371269d5,ALL,,HOAD,Humanitarian Organization for Advocacy and Development,National NGO,
63aacb6f91da9054371269d6,ALL,,HAS,Humanitarian Assistance Society,National NGO,
63aacb6f91da9054371269d7,ALL,,HOLD,Humanitarian Organization for Local Development,International NGO,
63aacb6f91da9054371269d8,ALL,,HOPES,Humanitarian Organization for Peace,National NGO,
63aacb6f91da9054371269d9,AF,,HOSA,Humantarian Organisation Support Afghans,National NGO,
63aacb6f91da9054371269da,AF,,humedica,Humedica International Aid,International NGO,
63aacb6f91da9054371269db,ALL,,HIA,Hungarian InterChurch Aid - Hungary,International NGO,
63aacb6f91da9054371269dc,ALL,,HUNGER,Hunger International,International NGO,
63aacb6f91da9054371269dd,ALL,,hwcyi,Hyelasinta Women,HWCYI,
63aacb6f91da9054371269de,ALL,,hi-us,HI US,Humanity & Inclusion,
63aacb6f91da9054371269df,AF,,IbnSina,IbnSina Public Health Programme for Afghanistan,National NGO,
63aacb6f91da9054371269e0,ALL,,HYSAWA,Hygienic Sanitation and Water Supply,National NGO,
63aacb6f91da9054371269e1,ALL,,ICCO,ICCO Cooperation,International NGO,
63aacb6f91da9054371269e2,ALL,,IRRDO,IDIL Relief Rehabilitation and Development Organization,National NGO,
63aacb6f91da9054371269e3,ALL,,IDSH,IDS-Hamkar,National NGO,
63aacb6f91da9054371269e4,ALL,,idea-new,Incentives Driving Economic Alternatives – North,IDEA-NEW,
63aacb6f91da9054371269e5,ALL,,INGO Forum,INGO Forum,International NGO,
63aacb6f91da9054371269e6,ALL,,immap,Information Management and Mine Action Programs,iMMAP,
63aacb6f91da9054371269e8,ALL,,IAG,Institute for Autonomy and Government,Government,
63aacb6f91da9054371269e9,ALL,,IPCR,Institute for Peace and Conflict Resolution,Government,
63aacb6f91da9054371269ea,ALL,,IAI,Integrated Aid Initiative,National NGO,
63aacb6f91da9054371269ec,AF,,IWA,Integrity Watch Afghanistan,National NGO,
63aacb6f91da9054371269ee,ALL,,IGPF,Inter Gender Peace Foundation,National NGO,
63aacb6f91da9054371269ef,ALL,,ISCG,Inter Sector Coordination Group,International NGO,
63aacb6f91da9054371269f0,ALL,,IRR,Initiative for Reconstruction and Resettlement,National NGO,
63aacb6f91da9054371269f1,ALL,,IDMC,Internal Displacement Monitoring Centre,Monitoring Centre,
63aacb6f91da9054371269f2,ALL,,IDSO,Intercommunity Development Social Organisation,National NGO,
63aacb6f91da9054371269f3,ALL,,IA,International Alert,International NGO,
63aacb6f91da9054371269f4,ALL,,IAM,International Assistance Mission,International NGO,
63aacb6f91da9054371269f5,ALL,,ICARDA,International Center for Agricultural Research in the Dry Areas,International NGO,
63aacb6f91da9054371269f6,ALL,,IAWPA,International Association of World Peace Advocates,international NGO,
63aacb6f91da9054371269f7,ALL,,ICAD,International Centre for Accelerated Development,National NGO,
63aacb6f91da9054371269f8,ALL,,ICMA,International City/County Management Association,International NGO,
63aacb6f91da9054371269f9,ALL,,iceed,International Center for Engery,ICEED,
63aacb6f91da9054371269fa,ALL,,ICAN,International Civil Society Action Fund / Network,International NGO,
63aacb6f91da9054371269fb,ALL,,ICRC,International Committee of the Red Cross and Red Crescent,Red Cross and Red Crescent Movement,
63aacb6f91da9054371269fc,ALL,,ICAO,International Civil Aviation Organization,United Nations,
63aacb6f91da9054371269fe,ALL,,IFPRI,International Food Policy Research Institute,International NGO,
63aacb6f91da9054371269ff,ALL,,IDLO,International Development Law Organization,International NGO,
63aacb6f91da905437126a00,ALL,,ILO,International Labour Organization,United Nations,
63aacb6f91da905437126a01,ALL,,ILF,International Legal Foundation Afghanistan,International NGO,
63aacb6f91da905437126a02,ALL,,IMC,International Medical Corps,International NGO,
63aacb6f91da905437126a03,ALL,,IFAD,International Fund for Agricultural Development,UN Agency,
63aacb6f91da905437126a04,ALL,,IOM,International Organization for Migration,United Nations,
63aacb6f91da905437126a05,ALL,,IMC UK,International Medical Corps UK,International NGO,
63aacb6f91da905437126a06,ALL,,IPSO,International Psychosocial Organization,International NGO,
63aacb6f91da905437126a07,ALL,,IRD,International Relief and Development,International NGO,
63aacb6f91da905437126a08,ALL,,IRRRAG,International Reproductive Rights Research Action Group,National NGO,
63aacb6f91da905437126a09,ALL,,IRC,International Rescue Committee,International NGO,
63aacb6f91da905437126a0a,ALL,,IUCN,International Union for Conservation of Nature,International NGO,
63aacb6f91da905437126a0b,ALL,,IOC,International Orphan Care,International NGO,
63aacb6f91da905437126a0d,ALL,,INTERSOS,Intersos - Humanitarian Organization for Emergency,International NGO,
63aacb6f91da905437126a0e,ALL,,Irish Aid,Irish Aid,International NGO,
63aacb6f91da905437126a0f,ALL,,IRDP,Irrigation Restoration Development Project,National NGO,
63aacb6f91da905437126a10,ALL,,IR,Islamic Relief,International NGO,
63aacb6f91da905437126a11,ALL,,IRW,Islamic Relief Worldwide,International NGO,
63aacb6f91da905437126a12,ALL,,DCLI,Italian Ministry of Interior – Department for Civil Liberties and Immigration,Donor,
63aacb6f91da905437126a13,ALL,,JNI,Jamatul Nasri Islam,National NGO,
63aacb6f91da905437126a14,ALL,,JHF,Jami Al Hakeem,National NGO,
63aacb6f91da905437126a15,ALL,,JEN,Japan Emergency NGO,International NGO,
63aacb6f91da905437126a16,ALL,,JICA,Japan International Cooperation Agency,Donor,
63aacb6f91da905437126a17,ALL,,JVC,Japan International Volunteer Center,International NGO,
63aacb6f91da905437126a18,ALL,,E-Japan,Japaneese Embassy,Donor,
63aacb6f91da905437126a19,ALL,,JRS,Jesuit Refugee Services,International NGO,
63aacb6f91da905437126a1b,ALL,,Johanniter,Johanniter International,International NGO,
63aacb6f91da905437126a1c,ALL,,JDAI,Joint Development Associates International,International NGO,
63aacb6f91da905437126a1d,ALL,,JDA,Joint Development Association,National NGO,
63aacb6f91da905437126a1e,ALL,,JF,Juba Foundation,National NGO,
63aacb6f91da905437126a20,AF,,JCSSO,Justice and Civil Society Support Organization,National NGO,
63aacb6f91da905437126a21,ALL,,JDPC,Justice Development and Peace Commission,National NGO,
63aacb6f91da905437126a22,ALL,,jprm,Justice,JPRM,
63aacb6f91da905437126a25,AF,,KMUniv,Kabul Medical University,Government,
63aacb6f91da905437126a26,AF,,KOO,Kabul Orthopedic Organisation,National NGO,
63aacb6f91da905437126a27,ALL,,KFP,Kalthum Foundation for Peace,National NGO,
63aacb6f91da905437126a2a,ALL,,Key Aid Consulting,Key Aid Consulting,International Consulting Group,
63aacb6f91da905437126a2b,ALL,,KOR,Khatiz Organization for Rehabilitation,National NGO,
63aacb6f91da905437126a2d,ALL,,KEO,Khost Education Organisation,National NGO,
63aacb6f91da905437126a2e,ALL,,KSP,Khost Shelter Program,National NGO,
63aacb6f91da905437126a2f,ALL,,KSRO,Khuram and Sarbag Rehabilitation Organization,National NGO,
63aacb6f91da905437126a30,ALL,,KINDER BERG,KINDER BERG,International NGO,
63aacb6f91da905437126a32,ALL,,KHSDO,Kohistan Health and Social Development Organization,National NGO,
63aacb6f91da905437126a33,ALL,,KOICA,Korea International Cooperation Agency,Donor,
63aacb6f91da905437126a35,ALL,,LC,La Chaine de Espoir,International NGO,
63aacb6f91da905437126a36,ALL,,LSO,Labor Spring Organization,International NGO,
63aacb6f91da905437126a37,ALL,,LETSAI,Learning Through Skills Acquisition Initiative,International NGO,
63aacb6f91da905437126a38,AF,,LAOA,Legal Aid organization of Afghanistan,National NGO,
63aacb6f91da905437126a39,ALL,,LASDO,Legal Assistance and Social Development Organization,National NGO,
63aacb6f91da905437126a3a,ALL,,LRC,Legal Resources Consortium,National NGO,
63aacb6f91da905437126a3b,ALL,,LF,Leger Foundation,Donor,
63aacb6f91da905437126a3c,ALL,,LEPCO,Leprosy Control Organization,National NGO,
63aacb6f91da905437126a3d,ALL,,KSOW,Khorshid Social Organization for Women,National NGO,
63aacb6f91da905437126a3f,AF,,lefao,Liberty,LEFAO,
63aacb6f91da905437126a42,ALL,,LIP,Life Intervention Project,National NGO,
63aacb6f91da905437126a44,ALL,,LINDII,Lindii Peace Foundation,International NGO,
63aacb6f91da905437126a46,ALL,,LGA,Local Government Area Office,Government,
63aacb6f91da905437126a47,ALL,,LWF,Lutheran World Federation,International NGO,
63aacb6f91da905437126a48,ALL,,Mahboba Promise,Mahboba Promise,International NGO,
63aacb6f91da905437126a49,AF,,MRAA,Mailan Rehabilitation Association for Afghanistan,National NGO,
63aacb6f91da905437126a4a,ALL,,MCRDF,Majesty Community Rural Development Foundation,National NGO,
63aacb6f91da905437126a4b,ALL,,LSEDO,Liferoad Social Economical Development Organization,National NGO,
63aacb6f91da905437126a4c,ALL,,MAL,Malteser International,International NGO,
63aacb6f91da905437126a4d,ALL,,MFH,Malaysian Field Hospital,International NGO,
63aacb6f91da905437126a4e,ALL,,MSH,Management Science for Health,International NGO,
63aacb6f91da905437126a4f,ALL,,msi,Management Systems International,MSI,
63aacb6f91da905437126a50,ALL,,MarieStopes,Marie Stopes International,International NGO,
63aacb6f91da905437126a51,ALL,,MCDO,Marwa Cultural and Development Organization,National NGO,
63aacb6f91da905437126a52,ALL,,MTDO,Mashal Training and Development Organization,National NGO,
63aacb6f91da905437126a53,ALL,,Maternity Foundation,Maternity Foundation,International NGO,
63aacb6f91da905437126a55,ALL,,MP,Maximum Prison,Government,
63aacb6f91da905437126a57,ALL,,medglobal,Med Global,MedGlobal,
63aacb6f91da905437126a58,ALL,,MEDAIR,MEDAIR,International NGO,
63aacb6f91da905437126a5a,ALL,,MDM,Medecins du Monde,International NGO,
63aacb6f91da905437126a5c,ALL,,MSF-BE,Medecins Sans Frontieres (Doctors Without Borders) - Belgium,International NGO,
63aacb6f91da905437126a5d,ALL,,MSF-Holland,Medecins Sans Frontieres (Doctors Without Borders) - Holland,International NGO,
63aacb6f91da905437126a5e,ALL,,MSF-Spain,Medecins Sans Frontieres (Doctors Without Borders) - Spain,International NGO,
63aacb6f91da905437126a5f,ALL,,MEDFO,Medfo,National NGO,
63aacb6f91da905437126a61,AF,,Medica Afghanistan,Medica Afghanistan - (Medica Mondiale/Women Support Organisation),National NGO,
63aacb6f91da905437126a62,ALL,,MMO,Medica Mondiale Organization,National NGO,
63aacb6f91da905437126a63,ALL,,MERLIN,Medical Emergency Relief International,International NGO,
63aacb6f91da905437126a64,AF,,MMRCA,Medical Management Research Courses Afghanistan,National NGO,
63aacb6f91da905437126a65,ALL,,MRCA,Medical Refresher Courses for Afghans,International NGO,
63aacb6f91da905437126a66,ALL,,MTI,Medical Team International,International NGO,
63aacb6f91da905437126a69,ALL,,MSF-France,Medecins Sans Frontieres (Doctors Without Borders) - France,International NGO,
63aacb6f91da905437126a6b,ALL,,MEDIOTHEK,Mediothek Afghanistan,International NGO,
63aacb6f91da905437126a6c,ALL,,MEHR,Meher Education and Human Rights,National NGO,
63aacb6f91da905437126a6d,ALL,,MCA,Mehtherlam Coordination Assistance,National NGO,
63aacb6f91da905437126a6e,ALL,,MercyCorps,Mercy Corps,International NGO,
63aacb6f91da905437126a6f,AF,,MOVE,Mercy Organization for Viable Empowerment,National NGO,
63aacb6f91da905437126a70,ALL,,MercyMalaysia,Mercy Malaysia,International NGO,
63aacb6f91da905437126a71,ALL,,Mercy-USA,Mercy-USA for Aid and Development,International NGO,
63aacb6f91da905437126a72,ALL,,MEHRO,Mhair Educational Human Right Organization,National NGO,
63aacb6f91da905437126a73,ALL,,MI,Micronutrient Initiative,International NGO,
63aacb6f91da905437126a74,ALL,,MDCG,Millennium Development Centre Gusau,National NGO,
63aacb6f91da905437126a75,ALL,,MACCA,Mine Action Coordination Centre of Afghanistan,International NGO,
63aacb6f91da905437126a76,ALL,,MCPA,Mine Clearance Planning Agency,International NGO,
63aacb6f91da905437126a77,AF,,MWA,Migration Watch Afghanistan,National NGO,
63aacb6f91da905437126a78,ALL,,MDDC,Mine Detection Dog Centre,National NGO,
63aacb6f91da905437126a79,ALL,,MAG Int'l,Mines Advisory Group International,International NGO,
63aacb6f91da905437126a7b,ALL,,mail,Ministry of Agriculture,MAIL,
63aacb6f91da905437126a7c,ALL,,MDC,Mine Detection Center,International NGO,
63aacb6f91da905437126a7d,ALL,,MoCN,Ministry of Counter Narcotics,Government,
63aacb6f91da905437126a7e,ALL,,MoDMR,Ministry of Disaster Management Relief,Government,
63aacb6f91da905437126a7f,ALL,,MoE,Ministry of Education,Government,
63aacb6f91da905437126a80,ALL,,MEW,Ministry of Energy and Water,Government,
63aacb6f91da905437126a81,ALL,, Martyrs and Disabled,Ministry of Labour,molsamd,
63aacb6f91da905437126a83,ALL,,MoPH,Ministry of Public Health,Government,
63aacb6f91da905437126a84,ALL,,MRRD,Ministry of Rural Rehabilitation and Development,Government,
63aacb6f91da905437126a85,ALL,,mrrr,Ministry of Reconstruction,MRRR,
63aacb6f91da905437126a86,ALL,,MoWR,Ministry of Water Resources,Government,
63aacb6f91da905437126a87,ALL,,MoWASD,Ministry of Womens Affairs and Social Development,Government,
63aacb6f91da905437126a89,ALL,,ME,Mission East,International NGO,
63aacb6f91da905437126a8a,ALL,,MAAO,Modern Agriculture and Animal Husbandry Organization,National NGO,
63aacb6f91da905437126a8b,ALL,,MDAO,Mosmer Development Agriculture Organization,National NGO,
63aacb6f91da905437126a8c,ALL,,MFP,Mother for Peace,International NGO,
63aacb6f91da905437126a8d,ALL,,MaCDA,Mothers and Child Development Aid,National NGO,
63aacb6f91da905437126a8e,ALL,,MCMDO,Mothers and Children Multisectoral Development Organisation,International NGO,
63aacb6f91da905437126a8f,ALL,,MWO,Move Welfare Organization,International NGO,
63aacb6f91da905437126a90,AF,,MPO,Movement for Protection Organization,National NGO,
63aacb6f91da905437126a91,ALL,,MSB,MSB - Swedish Civil Contingencies Agency,International NGO,
63aacb6f91da905437126a93,ALL,,MUAIDUK,Mulsim Aid UK,International NGO,
63aacb6f91da905437126a94,ALL,,MADA,Munazzamat Al-Dawa Al-Islamiyya,International NGO,
63aacb6f91da905437126a96,ALL,,MA,Muslim Aid,National NGO,
63aacb6f91da905437126a98,ALL,,MHI,Muslim Hands,International NGO,
63aacb6f91da905437126a99,ALL,,MHSO,Muslim Hands Somalia,International NGO,
63aacb6f91da905437126a9b,ALL,,NQA,Nai Qala Association,National NGO,
63aacb6f91da905437126a9c,ALL,,MADERA,Mission d' Aide au Developpement des Economies Rurales en Afghanistan,International NGO,
63aacb6f91da905437126a9d,ALL,,NDWO,Naji Development Welfare Organization,National NGO,
63aacb6f91da905437126a9e,ALL,,NVDA,Nangarhar Valley Development Association,National NGO,
63aacb6f91da905437126a9f,AF,,NWBC,Nangarhar Women Business Center,National NGO,
63aacb6f91da905437126aa0,ALL,,NAPTIP,National Agency for the Prohibition of Trafficking in Persons,Government,
63aacb6f91da905437126aa1,ALL,,ncfrmi,National Commission for Refugees,NCFRMI,
63aacb6f91da905437126aa2,ALL,,NDRMC,National Disaster Risk Management Commission,Government,
63aacb6f91da905437126aa3,ALL,,NEMA,National Emergency Management Agency,Government,
63aacb6f91da905437126aa4,ALL,,NFUAJ,National Federation of UNISCO Association in Japan,International NGO,
63aacb6f91da905437126aa5,ALL,,NHRC,National Human Rights Commission,Government,
63aacb6f91da905437126aa6,ALL,,NIS,National Imigration Services,Government,
63aacb6f91da905437126aa7,ALL,,NOA,National Orientation Agency,Government,
63aacb6f91da905437126aa8,ALL,,NPC,National Planning Commission,Government,
63aacb6f91da905437126aa9,ALL,,NPHCDA,National Primary Health Care Development Agency,Government,
63aacb6f91da905437126aaa,ALL,,NPFS,National Programme for Food Security,Government,
63aacb6f91da905437126aab,AF,,NRF,National Rights Foundation,National NGO,
63aacb6f91da905437126aac,AF,,NERU,National Engineering Recording Unit,National NGO,
63aacb6f91da905437126aad,ALL,,Paiwstoon,National Solidarity Programme,National NGO,
63aacb6f91da905437126aae,ALL,,NSP,National Solidarity Program,Government,
63aacb6f91da905437126aaf,ALL,,NSCO,National Support and Coordination Office,National NGO,
63aacb6f91da905437126ab0,AF,,NRDOAW,Nawayee Rehabilitation and Development Organization for Afghan Women,National NGO,
63aacb6f91da905437126ab1,ALL,,NRF_Refugee,Netherlands Refugee Foundation,Donor,
63aacb6f91da905437126ab2,ALL,,NEWSAN,Network for Civil Societies on Water and Sanitation,National NGO,
63aacb6f91da905437126ab3,AF,,NCRO,New Constancy and Relief Organization,National NGO,
63aacb6f91da905437126ab4,ALL,,NGAO,New Gulestan Arzo Organization,International NGO,
63aacb6f91da905437126ab5,ALL,,NF,NEEM Foundation,National NGO,
63aacb6f91da905437126ab6,ALL,,NEPAD,New Partnership for African Development,Government,
63aacb6f91da905437126ab7,ALL,,NHA,New Heart of Asia,National NGO,
63aacb6f91da905437126ab8,ALL,,NSRDO,New Society Reconstruction Development Organization,National NGO,
63aacb6f91da905437126ab9,ALL,,NWO,New Ways Organisation,International NGO,
63aacb6f91da905437126aba,ALL,,NZAID,New Zealand,Donor,
63aacb6f91da905437126abb,AF,,NSDO,New Way Social and Development Organization,National NGO,
63aacb6f91da905437126ac2,ALL,,NCDO,NIRA Community Development Organisation,National NGO,
63aacb6f91da905437126ac8,ALL,,NECDO,Noor Educational & Capacity Development Organization,National NGO,
63aacb6f91da905437126ac9,ALL,,NJR,NJR,Donor,
63aacb6f91da905437126aca,ALL,,NERDO,North East Relief and Development Organiation,National NGO,
63aacb6f91da905437126acb,ALL,,NERI,Northeast Regional Initiative,National NGO,
63aacb6f91da905437126acd,ALL,,NoSCEF,Northern States Christian Elders Forum,National NGO,
63aacb6f91da905437126ace,ALL,,NCA,Norwegian Church Aid,International NGO,
63aacb6f91da905437126acf,ALL,,NMFA,Norwegian Ministry of Foreign Affairs,Government,
63aacb6f91da905437126ad0,ALL,,NRC,Norwegian Refugee Council,International NGO,
63aacb6f91da905437126ad1,ALL,,NAC,Norwegian Afghanistan Committee,International NGO,
63aacb6f91da905437126ad2,ALL,,NEI,Nutrition & Education International,International NGO,
63aacb6f91da905437126ad4,ALL,,ocha,United Nations Office for the Coordination of Humanitarian Affairs,OCHA,
63aacb6f91da905437126ad5,ALL,,OHCHR,Office of the High Commissioner for Human Rights,United Nations,
63aacb6f91da905437126ad6,ALL,,NL,Nutriscope Limited,National NGO,
63aacb6f91da905437126ad9,ALL,,OFDA,Office of US Foreign Disaster Assistance,Donor,
63aacb6f91da905437126ade,ALL,,ORDO,Onkod Relief and Development Organization,National NGO,
63aacb6f91da905437126ae1,ALL,,OZ,Omid Zanan,National NGO,
63aacb6f91da905437126ae3,ALL,,osf,OSF,OSF,
63aacb6f91da905437126ae4,ALL,,ORBIS,Orbis,International NGO,
63aacb6f91da905437126aea,AF,,OCHR,Organization for Coordination of Humanitarian Relief,National NGO,
63aacb6f91da905437126aeb,AF,,OCCD,Organization for Community Coordination of Development,National NGO,
63aacb6f91da905437126aec,ALL,,OHSS,Organization for Health and Social Services,National NGO,
63aacb6f91da905437126aed,AF,,OHEPSA,Organization for Health Education and Professional Skills for Afghanistan,National NGO,
63aacb6f91da905437126aee,ALL,,OHRS,Organization for Health Rehabilitation Services,National NGO,
63aacb6f91da905437126aef,AF,,OHD,Organization for Humanitarian and Development,National NGO,
63aacb6f91da905437126af0,ALL,,OHA,Organization for Humanitarian Assistance,National NGO,
63aacb6f91da905437126af1,AF,,OMAR,Organization for Mine Clearance and Afghan Rehabilitation,National NGO,
63aacb6f91da905437126af2,AF,,ORDA,Organization for Rehabilitation & Development of Afghanistan,National NGO,
63aacb6f91da905437126af3,ALL,,ORD,Organization for Relief and Development,National NGO,
63aacb6f91da905437126af4,AF,,ORCD,Organization for Research and Community Development,National NGO,
63aacb6f91da905437126af6,AF,,OSAA,Organization for Sustainable Aid in Afghanistan,National NGO,
63aacb6f91da905437126af7,ALL,,OTCD,Organization for Technical Cooperation and Community Development,National NGO,
63aacb6f91da905437126af8,ALL,,ODSLP,Organization for the Development Social and Liaison Program,National NGO,
63aacb6f91da905437126af9,AF,,OHRA,Organization for Harm Reduction in Afghanistan,National NGO,
63aacb6f91da905437126afa,ALL,,OBA,Organization of Basic Advancement,National NGO,
63aacb6f91da905437126afb,ALL,,OHRD,Organization of Human Resouse Development,National NGO,
63aacb6f91da905437126afc,AF,,OHPM,Organization of Health and Program Management,National NGO,
63aacb6f91da905437126afd,ALL,,OPS,Organization of Progress & Sustainability,National NGO,
63aacb6f91da905437126afe,AF,,OPAWC,Organization of Promoting Afghan Women’s Capabilities,National NGO,
63aacb6f91da905437126b00,ALL,,oxfam,OXFAM,OXFAM,
63aacb6f91da905437126b01,AF,,OHW,Organization of Human Welfare,National NGO,
63aacb6f91da905437126b02,ALL,,OXFAM-Novib,OXFAM Novib,International NGO,
63aacb6f91da905437126b04,AF,,PAC-AF,Parters for Action for Change,National NGO,
63aacb6f91da905437126b05,ALL,,PD,Partners for Development,International NGO,
63aacb6f91da905437126b06,ALL,,PACTEC,Partners in Aviation and Communication Technology,International NGO,
63aacb6f91da905437126b07,ALL,,PID,Partners in Development,International NGO,
63aacb6f91da905437126b08,ALL,,PHD,Partners in Health and Development,International NGO,
63aacb6f91da905437126b09,AF,,PRB,Partners in Revitalization and Building,National NGO,
63aacb6f91da905437126b0a,ALL,,PASTORAL SOCIAL,Pastoral Social,National NGO,
63aacb6f91da905437126b0b,ALL,,PEVO,Patriot Educational and Vocational Organisation,National NGO,
63aacb6f91da905437126b0e,ALL,,PDT,Peace Dividend Trust,International NGO,
63aacb6f91da905437126b0f,ALL,,PWWROA,Peace Window Women Rehabilitation Organization for Aghanistan,National NGO,
63aacb6f91da905437126b10,ALL,,PWJ,Peace Winds Japan,International NGO,
63aacb6f91da905437126b11,ALL,,PIN,People in Need,International NGO,
63aacb6f91da905437126b12,ALL,,PIPA,People in Peril Association,International NGO,
63aacb6f91da905437126b13,AF,,PACO,People's Action for Change Organization,National NGO,
63aacb6f91da905437126b14,ALL,,OXFAM-GB,OXFAM GB,International NGO,
63aacb6f91da905437126b17,ALL,,PMS,Peshawar-kai Medical Service,National NGO,
63aacb6f91da905437126b19,ALL,,PRC,Philippines Red Cross,Red Cross and Red Crescent Movement,
63aacb6f91da905437126b1a,ALL,,PAC,Physicians Across Continents (PAC),International NGO,
63aacb6f91da905437126b1b,AF,,PARSA,Physiotherapy and Rehabilitation Services for Afghanistan,National NGO,
63aacb6f91da905437126b1c,ALL,,PREHYA,Pioneer Reproductive Health and Youth Association,National NGO,
63aacb6f91da905437126b1d,ALL,,plan-internacional,Plan_nternacional,PLAN,
63aacb6f91da905437126b1e,ALL,,Plan,Plan International,International NGO,
63aacb6f91da905437126b20,ALL,,PHO,Polish Humanitarian Organization,International NGO,
63aacb6f91da905437126b21,ALL,,PSI,Population Services International,International NGO,
63aacb6f91da905437126b24,ALL,,PUI,Première Urgence Internationale,International NGO,
63aacb6f91da905437126b25,ALL,,PU-AMI,Première Urgence-Aide Medicale Internationale,International NGO,
63aacb6f91da905437126b26,ALL,,PCNI,Presidential Committee on North-East Initiatives,Government,
63aacb6f91da905437126b27,ALL,,PINE,Presidential Initiative on North East,Government,
63aacb6f91da905437126b28,ALL,,PHC,Primary Health Care,Government,
63aacb6f91da905437126b29,ALL,,Plan Canada,Plan International Canada,Donor,
63aacb6f91da905437126b2a,ALL,,PHCDA,Primary Health Care Development Agencies,Government,
63aacb6f91da905437126b2d,ALL,,PHALS,Programme for Helpless and Lagged Society,National NGO,
63aacb6f91da905437126b2e,ALL,,PA,Project Agape,National NGO,
63aacb6f91da905437126b33,ALL,,QCH,Qatar Charity,International NGO,
63aacb6f91da905437126b34,ALL,,QRCS,Qatar Red Crescent Society,Red Cross and Red Crescent Movement,
63aacb6f91da905437126b36,ALL,,QRHO,Quick Response Humanitarian Organization,National NGO,
63aacb6f91da905437126b37,ALL,,RAHAMA,RAHAMA Woman Development Programme (RAHAMA),National NGO,
63aacb6f91da905437126b38,ALL,,QSDO,Quyash Social Development Organization,National NGO,
63aacb6f91da905437126b39,ALL,,RCSHO,Rahyab Cultural Social Honorable Organization,National NGO,
63aacb6f91da905437126b3b,ALL,,REACH,REACH Initiative,International NGO,
63aacb6f91da905437126b3e,AF,,RSSAO,Reconstruction & Social Services for Afghanistan Organization,National NGO,
63aacb6f91da905437126b3f,AF,,RSA,Reconstruction Service for Afghanistan,National NGO,
63aacb6f91da905437126b40,ALL,,RET,Refugee Education Trust,International NGO,
63aacb6f91da905437126b42,ALL,,RHB,Regional Health Bureau,Government,
63aacb6f91da905437126b43,AF,,RAADA,Rehabilitation Association and Agriculture Development for Afghanistan,National NGO,
63aacb6f91da905437126b44,ALL,,REBHI,Rehabilitation Empowerment and Better Health Initiative,National NGO,
63aacb6f91da905437126b45,AF,,redsso,Rehabilitation,REDSSO,
63aacb6f91da905437126b46,ALL,,RCWO,Relation and Cooperation Women Organization,National NGO,
63aacb6f91da905437126b47,ALL,,RQSDO,Reliable Quick Services and Development Organization,National NGO,
63aacb6f91da905437126b48,ALL,,RDI,Relief and Development Initiative,National NGO,
63aacb6f91da905437126b49,AF,,RSDOA,Relief and Skills Development Organization for Afghanistan,National NGO,
63aacb6f91da905437126b4a,ALL,,RESCO,Relief and Social Care Organisation,National NGO,
63aacb6f91da905437126b4b,ALL,,RI,Relief International,International NGO,
63aacb6f91da905437126b4c,AF,,RORA,Relief Organization for Rahabilitation of Afghanistan,National NGO,
63aacb6f91da905437126b4d,ALL,, Environment and Solidarities Group,Renewable,geres,
63aacb6f91da905437126b4e,ALL,,RITM,Research Institute for Tropical Medicine,Government,
63aacb6f91da905437126b50,AF,,RWDOA,Rehabilitation and Welfare Development Organization for Afghanistan,National NGO,
63aacb6f91da905437126b54,ALL,,REI,Riplington Education Initiative,National NGO,
63aacb6f91da905437126b56,ALL,,RoP,Roots of Peace,International NGO,
63aacb6f91da905437126b58,ALL,,Rhema Care,Rhema Care Integrated Development Center,National NGO,
63aacb6f91da905437126b59,ALL,,E-Norway,Royal Norwegian Embassy,Donor,
63aacb6f91da905437126b5a,ALL,,RF,Rupani Foundation,National NGO,
63aacb6f91da905437126b5b,AF,,RCDC,Rural Capacity Development Committee,National NGO,
63aacb6f91da905437126b5c,AF,,REEDA,Rural Economic Empowerment & Development Afghanistan,National NGO,
63aacb6f91da905437126b5e,ALL,,RGEO,Rural Green Environment Organization,National NGO,
63aacb6f91da905437126b5f,ALL,,RRDPO,Rural Rehabilitation and Development Organization,National NGO,
63aacb6f91da905437126b60,ALL,,RHHF,Royal Heritage Health Foundation,National NGO,
63aacb6f91da905437126b61,ALL,,NPO/RRAA,Rural Rehabilitation Association for Afghanistan,International NGO,
63aacb6f91da905437126b62,ALL,,SAGE,Sage Organization,National NGO,
63aacb6f91da905437126b63,ALL,,SAJIDA,Sajida Foundation,International NGO,
63aacb6f91da905437126b64,AF,,SOFAR,Salam Organization for Afghanistan Rehabilitation,National NGO,
63aacb6f91da905437126b69,ALL,,SDP,Samandar Development Program,National NGO,
63aacb6f91da905437126b6b,ALL,,SPIR,Samaritan's Purse International Relief,International NGO,
63aacb6f91da905437126b6c,AF,,SDRO,Samin Development and Rehabilitation Organization,National NGO,
63aacb6f91da905437126b6d,ALL,,SH,Samuel Hall,International NGO,
63aacb6f91da905437126b6e,AF,,SDO,Sanayee Development Organization,National NGO,
63aacb6f91da905437126b6f,ALL,,SAHEI,Sanitation and Hygiene Education Initiative,National NGO,
63aacb6f91da905437126b70,ALL,,SOS,Save our Souls,International NGO,
63aacb6f91da905437126b71,ALL,,SCI,Save the Children,International NGO,
63aacb6f91da905437126b72,ALL,,SC-UK,Save the Children - UK,International NGO,
63aacb6f91da905437126b73,ALL,,SC-USA,Save the Children - USA,International NGO,
63aacb6f91da905437126b74,ALL,,Savara,Sawera / Savera Womens Right's Organisation from Pakistan,International NGO,
63aacb6f91da905437126b75,ALL,,RUWASSA,Rural Water Supply and Sanitation Agency,Government,
63aacb6f91da905437126b76,ALL,,SCHRO,Schröder,Donor,
63aacb6f91da905437126b77,ALL,,SDC,SDC,Donor,
63aacb6f91da905437126b78,ALL,,SFCG,Search for Common Ground,International NGO,
63aacb6f91da905437126b7b,ALL,,SIF,Secours Islamique France,International NGO,
63aacb6f91da905437126b7c,ALL,,SEWA/SABAH,Self Employed Women's Association,National NGO,
63aacb6f91da905437126b7d,ALL,,SARS,Sena Association Rehabilatation,National NGO,
63aacb6f91da905437126b7e,ALL,,SHERDO,Serve Health Early Recovery and Development Organization,National NGO,
63aacb6f91da905437126b7f,AF,,SOUND,Services Organization for Unity and Development,National NGO,
63aacb6f91da905437126b80,AF,,SWRCA,Services Women Relief Center for Afghanistan,National NGO,
63aacb6f91da905437126b83,AF,,SHRDO,Serve Health Relief and Development Organization,National NGO,
63aacb6f91da905437126b84,ALL,,STS,Serving Together for Social Development,International NGO,
63aacb6f91da905437126b85,ALL,,Setara-e-Irfan,Setara-e-Irfan,National NGO,
63aacb6f91da905437126b86,ALL,,SHAHRO,Shabelle Humanitarian and Relief Organization,National NGO,
63aacb6f91da905437126b88,ALL,,SERVE,Serving Emergency Relief and Vocational Enterprises,International NGO,
63aacb6f91da905437126b89,ALL,,SRP,Shahrukhi Rehabilitation Project,National NGO,
63aacb6f91da905437126b8a,AF,,SVA,Shanti Volunteer Association,National NGO,
63aacb6f91da905437126b8b,ALL,,SHRO,Shaham Health and Rehabilitation Organization,National NGO,
63aacb6f91da905437126b8c,ALL,,SFL,Shelter For Life International,International NGO,
63aacb6f91da905437126b8d,ALL,,SNI,Shelter Now International,International NGO,
63aacb6f91da905437126b90,AF,,SHUHADA,Shuhada Organization,National NGO,
63aacb6f91da905437126b92,ALL,,SMEP,Site Maintenance Engineering Project,United Nations,
63aacb6f91da905437126b93,ALL,,Skateistan,Skateistan,International NGO,
63aacb6f91da905437126b94,AF,,STARS,Skills Training And Rehabilitation Society,National NGO,
63aacb6f91da905437126b96,ALL,,SMWASD Adamawa,SMWASD Adamawa,Government,
63aacb6f91da905437126b98,ALL,,SAF-UK,Skills Active Forward United Kingdom,International NGO,
63aacb6f91da905437126b9b,ALL,,SHF,Snazzy Hope Foundation,National NGO,
63aacb6f91da905437126b9c,ALL,,SHDP,Social and Health Development Program,National NGO,
63aacb6f91da905437126b9d,AF,,SHAO,Social and Humanitarian Assistance Organization,National NGO,
63aacb6f91da905437126ba0,ALL,,SSSPO,Social Safety and Social Protection Organization,National NGO,
63aacb6f91da905437126ba1,ALL,,SVF,Social Volunteer Foundation,National NGO,
63aacb6f91da905437126ba2,ALL,,SWNI,Social Welfare Network Initiative,National NGO,
63aacb6f91da905437126ba3,ALL,,SDIO,Society Development Initiative Organization,National NGO,
63aacb6f91da905437126ba4,AF,,SAADAT,Society for Afghanistan Development Association Technician,National NGO,
63aacb6f91da905437126ba5,ALL,,SCD,Society for Community Development,National NGO,
63aacb6f91da905437126ba7,AF,,SSDA,Society for Sustainable Development of Afghanistan,National NGO,
63aacb6f91da905437126ba8,ALL,,SWOGE,Society for Women and Girl Child Empowerment,National NGO,
63aacb6f91da905437126ba9,AF,,SUWA,Society Unit Women Afghan,National NGO,
63aacb6f91da905437126baa,ALL,,SOLIDAR SUISSE,Solidar Suisse,International NGO,
63aacb6f91da905437126bab,ALL,,SAB,Solidarite Afghanistan Belgium,International NGO,
63aacb6f91da905437126bac,ALL,,Solidarites,Solidarites,International NGO,
63aacb6f91da905437126bad,ALL,,SI,Solidarites International,International NGO,
63aacb6f91da905437126bae,AF,,SAF,Solidarity for Afghan Families,National NGO,
63aacb6f91da905437126baf,ALL,,SGJ,Solidarity Group of Jubaland,National NGO,
63aacb6f91da905437126bb0,AF,,SADAO,Social Assistance and Development Afghanistan Organization,National NGO,
63aacb6f91da905437126bba,ALL,,SORA,Sora,National NGO,
63aacb6f91da905437126bbc,ALL,,SOS-NG,SOS Children's Villages Nigeria,International NGO,
63aacb6f91da905437126bbe,ALL,,SOUTHERN AID,Southern Aid,National NGO,
63aacb6f91da905437126bbf,ALL,,SOZO,Sozo International,International NGO,
63aacb6f91da905437126bc0,ALL,,SPACE NGO,SPACE NGO,National NGO,
63aacb6f91da905437126bc1,ALL,,SIKA,Stability In Key Areas,International NGO,
63aacb6f91da905437126bc2,ALL,,SAVI,State Accountability & Voice Initiative,National NGO,
63aacb6f91da905437126bc3,ALL,,SAME,State Agency for Mass Education,Government,
63aacb6f91da905437126bc4,ALL,,SEMA,State Emergency Management Agency,Government,
63aacb6f91da905437126bc5,ALL,,State Government,State Government,Government,
63aacb6f91da905437126bc6,ALL,,SMoA,State Ministry of Agriculture,Government,
63aacb6f91da905437126bc7,ALL,,SMoEd,State Ministry of Education,Government,
63aacb6f91da905437126bc8,ALL,,SMoE,State Ministry Of Environment,Government,
63aacb6f91da905437126bc9,ALL,,SMoH,State Ministry of Health,Government,
63aacb6f91da905437126bca,ALL,,SMoRA,State Ministry of Religious Affairs,Government,
63aacb6f91da905437126bcb,ALL,,SMoWR,State Ministry of Water Resources,Government,
63aacb6f91da905437126bcc,ALL,,SMoWA,State Ministry of Women Affairs,Government,
63aacb6f91da905437126bcd,ALL,,SMoWASD,State Ministry of Women Affairs and Social Development,Government,
63aacb6f91da905437126bce,ALL,,SMYSSCD,State Ministry Youth Social Support and Community Development,Government,
63aacb6f91da905437126bcf,ALL,,SPC,State Planning Commission,Government,
63aacb6f91da905437126bd0,ALL,,SMoH/SPHCDA,State Primary Health Care Development Agency,Government,
63aacb6f91da905437126bd1,ALL,,SPHCMB,State Primary Health Care Management Board,Government,
63aacb6f91da905437126bd2,ALL,,SUBEB,State Universal Basic Education Board,Government,
63aacb6f91da905437126bd3,ALL,,STEP,STEP Health and Development Organization,National NGO,
63aacb6f91da905437126bd4,ALL,,SDA,Sterling Demining Afghanistan,International NGO,
63aacb6f91da905437126bd5,AF,,SHPOUL,Sound Humanitarian Participatory and Organization Uplift,National NGO,
63aacb6f91da905437126bd6,ALL,,SGR,Strategic Grains Reserve,Government,
63aacb6f91da905437126bd7,ALL,,SC,Street Child,International NGO,
63aacb6f91da905437126bd8,ALL,,SCoN,Street Child of Nigeria,International NGO,
63aacb6f91da905437126bd9,ALL,,SCUK,Street Child UK,International NGO,
63aacb6f91da905437126bda,ALL,,SCODA,Sukul Community Development Association,National NGO,
63aacb6f91da905437126bdb,ALL,,SILCA,Support Initiative for Communities in the Lake Chad Areas,National NGO,
63aacb6f91da905437126bdc,ALL,,SARCDO,Sustainable Agriculture & Rural Community Development Organization,International NGO,
63aacb6f91da905437126bdd,AF,,SAEDA,Sustainable Alternative Economic Development for Afghans,National NGO,
63aacb6f91da905437126bde,ALL,,Swedish,Swedish,Donor,
63aacb6f91da905437126bdf,ALL,,SCA,Swedish Committee for Afghanistan,International NGO,
63aacb6f91da905437126be0,ALL,,SIDA,Swedish International Development Cooperation Agency,Donor,
63aacb6f91da905437126be1,ALL,,swedish_cerf,Swedish CERF,Swedish,
63aacb6f91da905437126be3,ALL,,SGF,Sweke Global Foundation,National NGO,
63aacb6f91da905437126be4,ALL,,FSD,Swiss Foundation for Mine Action,International NGO,
63aacb6f91da905437126be5,ALL,,E-Swiss,Swiss Embassy,Donor,
63aacb6f91da905437126be6,ALL,,SHA,Swiss Humanitarian Aid Unit,Donor,
63aacb6f91da905437126be7,ALL,,SK,Swisso-Kalmo,International NGO,
63aacb6f91da905437126be8,ALL,,SWISS-RC,Swiss Red Cresent,Red Cross and Red Crescent Movement,
63aacb6f91da905437126be9,ALL,,Tabish,Tabish Social Health Education Organisation,National NGO,
63aacb6f91da905437126beb,ALL,,TM,Tamir-e-Millat,National NGO,
63aacb6f91da905437126bec,ALL,,TEO,Tashabos Educational Organization,National NGO,
63aacb6f91da905437126bed,ALL,,TSDCO,Tawana Services Development and Cultural Organization,National NGO,
63aacb6f91da905437126bee,ALL,,Tawanmandi,Tawanmandi Civil Society Strengthening Programme,National NGO,
63aacb6f91da905437126bef,ALL,,TBC,TBC,National NGO,
63aacb6f91da905437126bf0,ALL,,Tearfund,Tearfund,International NGO,
63aacb6f91da905437126bf1,AF,,TESTO,Technical Education and Skill Training Organization,National NGO,
63aacb6f91da905437126bf2,ALL,,TPC,TEKAN Peace Committee,National NGO,
63aacb6f91da905437126bf3,ALL,,Telethon,Telethon,International NGO,
63aacb6f91da905437126bf4,ALL,,TDH,Terre des Hommes,International NGO,
63aacb6f91da905437126bf5,ALL,,ALIMA,The Alliance for International Medical Action,International NGO,
63aacb6f91da905437126bf6,ALL,,TBSF,The Big Smile Foundation,National NGO,
63aacb6f91da905437126bf7,ALL,,CDC,The Centers for Disease Control and Prevention,Donor,
63aacb6f91da905437126bf8,ALL,,TF,The Evangelical Alliance Relief Fund,International NGO,
63aacb6f91da905437126bf9,ALL,,TF-UK,The Evangelical Alliance Relief Fund UK,International NGO,
63aacb6f91da905437126bfa,ALL,,INSO,The International NGO Safety Organisation,International NGO,
63aacb6f91da905437126bfb,AF,,TLO,The Liaison Office,National NGO,
63aacb6f91da905437126bfc,ALL,,Tadbeer,Tadbeer Research Consultancy & Capacity Building,National NGO,
63aacb6f91da905437126bfd,ALL,,TMI,The Mentor Initiative,International NGO,
63aacb6f91da905437126bff,ALL,,TPR,The Pastoral Resolve,National NGO,
63aacb6f91da905437126c00,ALL,,TCMCA,Tieglow Community Medical Care Agency,National NGO,
63aacb6f91da905437126c01,ALL,,TODAI,Todai International-Japan,International NGO,
63aacb6f91da905437126c02,AF,,TACT,Today's Afghanistan Conciliation Trust,National NGO,
63aacb6f91da905437126c03,ALL,,TSCO,Tolo Service and Cultural Organization,National NGO,
63aacb6f91da905437126c04,ALL,,TPO Nigeria,Transcultural Psychosocial Organization,International NGO,
63aacb6f91da905437126c05,ALL,,Trocaire,Trocaire,International NGO,
63aacb6f91da905437126c06,ALL,,TA,Trust Africa,Donor,
63aacb6f91da905437126c07,ALL,,TIF,Tulips International Foundation,National NGO,
63aacb6f91da905437126c08,ALL,,TFH,Turkish Field Hospital,International NGO,
63aacb6f91da905437126c09,ALL,,TIKA,Turkish International Cooperation and Development Agency,International NGO,
63aacb6f91da905437126c0a,ALL,,TRC,Turkish Red Crescent,Red Cross and Red Crescent Movement,
63aacb6f91da905437126c0b,ALL,,UK,UK Government,Donor,
63aacb6f91da905437126c0c,ALL,,URRO,Umbrella for Relief and Rehabilitation Organization,National NGO,
63aacb6f91da905437126c0d,ALL,,UN Country Team,UN Country Team,United Nations,
63aacb6f91da905437126c0e,ALL,,UHDO,Unax Humanitarian and Development Organization,National NGO,
63aacb6f91da905437126c12,ALL,,WB,The World Bank,United Nations,
63aacb6f91da905437126c13,AF,,UMCA,United Medical Center for Afghan,National NGO,
63aacb6f91da905437126c14,ALL,,UMCOR,United Methodist Committee on Relief,International NGO,
63aacb6f91da905437126c15,ALL,,UNAMA,United Nations Assistance Mission in Afghanistan,United Nations,
63aacb6f91da905437126c16,ALL,,UNCTAD,United Nations Conference on Trade and Development,United Nations,
63aacb6f91da905437126c17,ALL,,UNDSS,United Nations Department of Safety and Security,United Nations,
63aacb6f91da905437126c18,ALL,,UNIFEM,United Nations Development Fund for Women,United Nations,
63aacb6f91da905437126c19,ALL,,UNDP,United Nations Development Programme,United Nations,
63aacb6f91da905437126c1a,ALL,,UNESCO,United Nations Educational Scientific and Cultural Organization,United Nations,
63aacb6f91da905437126c1b,ALL,,UNWOMEN,United Nations Entity for Gender Equality and the Empowerment of Women,United Nations,
63aacb6f91da905437126c1c,ALL,,UNEP,United Nations Environment Programme,United Nations,
63aacb6f91da905437126c1d,ALL,,UNHCR,United Nations High Commissioner for Refugees,United Nations,
63aacb6f91da905437126c1e,ALL,,UNHRC,United Nations Human Rights Council,United Nations,
63aacb6f91da905437126c1f,ALL,,UNHABITAT,United Nations Human Settlements Programme,United Nations,
63aacb6f91da905437126c20,ALL,,UNHAS,United Nations Humanitarian Air Services,United Nations,
63aacb6f91da905437126c21,ALL,,UNIDO,United Nations Industrial Development Organization,United Nations,
63aacb6f91da905437126c22,ALL,,UNIC,United Nations Information Centres,United Nations,
63aacb6f91da905437126c23,ALL,,UNMAS,United Nations Mine Action Service,United Nations,
63aacb6f91da905437126c24,ALL,,UNOPS,United Nations Office for Project Services,United Nations,
63aacb6f91da905437126c25,ALL,,UNODC,United Nations Office on Drugs and Crime,United Nations,
63aacb6f91da905437126c26,ALL,,UNICEF,United Nations Children's Fund,United Nations,
63aacb6f91da905437126c27,ALL,,UNAIDS,United Nations Programme on HIV and AIDS,United Nations,
63aacb6f91da905437126c28,ALL,,UNFPA,United Nations Population Fund,United Nations,
63aacb6f91da905437126c29,ALL,,UNV,United Nations Volunteers,United Nations,
63aacb6f91da905437126c2b,ALL,,URB,United Rehabilitation Bureau,National NGO,
63aacb6f91da905437126c2c,ALL,,USIP,United States Institute of Peace,Donor,
63aacb6f91da905437126c2d,ALL,,ULS,Universal Learning Solutions,International NGO,
63aacb6f91da905437126c2f,ALL,,unwomen_eu,UNWOMEN,UNWomen,
63aacb6f91da905437126c30,ALL,,URDO,Urban and Rural Development Organization,National NGO,
63aacb6f91da905437126c31,ALL,,USKESOCBA,US-KEN Somalia Cross Border Association,International NGO,
63aacb6f91da905437126c32,ALL,,Uttaran,Uttaran (Transition),National NGO,
63aacb6f91da905437126c33,ALL,,VSF,Victims Support Fund,National NGO,
63aacb6f91da905437126c34,ALL,,VILDEV,Village Development Initiative,National NGO,
63aacb6f91da905437126c35,ALL,,VERC,Village Education Resource Center,National NGO,
63aacb6f91da905437126c36,ALL,,VILLAGE OF PEACE,Village of Peace,National NGO,
63aacb6f91da905437126c37,AF,,VOPOFA,Village of Peace Organization for Afghans,National NGO,
63aacb6f91da905437126c38,AF,,VWO,Voice of Women Organization,National NGO,
63aacb6f91da905437126c39,ALL,,VARA,Voluntary Association for Rehabilitation of Afghanistan,National NGO,
63aacb6f91da905437126c3a,ALL,,VSO,Voluntary Service Overseas,International NGO,
63aacb6f91da905437126c3b,ALL,,VSOI,Voluntary Service Overseas International,International NGO,
63aacb6f91da905437126c3c,ALL,,USAID,United States Agency for International Development,Donor,
63aacb6f91da905437126c3e,ALL,,WHC,Wajid Health Committee,National NGO,
63aacb6f91da905437126c40,ALL,,WWLL,Waka Waka Light Limited,International NGO,
63aacb6f91da905437126c42,ALL,,WARCHILD,War Child,International NGO,
63aacb6f91da905437126c43,ALL,,WC-C,War Child Canada,International NGO,
63aacb6f91da905437126c46,ALL,,WC-UK,War Child UK,International NGO,
63aacb6f91da905437126c47,ALL,,WC-H,War Child Holland,International NGO,
63aacb6f91da905437126c48,ALL,,WCSD,Watan for Cultural and Social Development,National NGO,
63aacb6f91da905437126c49,AF,,WSTA,Watan Social and Technical Services Association,National NGO,
63aacb6f91da905437126c4a,AF,,WAFA,Water Aid for Afghanistan,National NGO,
63aacb6f91da905437126c4c,ALL,,WRDO,Water Resources Development Organisation,National NGO,
63aacb6f91da905437126c4d,ALL,,WSSCC,Water Supply and Sanitation Collaborative Council,United Nations,
63aacb6f91da905437126c4e,ALL,,WaterAID,WaterAID,National NGO,
63aacb6f91da905437126c4f,AF,,WDOA,Welfare and Development Organization for Afghanistan,National NGO,
63aacb6f91da905437126c50,ALL,,WDOSS,Welfare and Development Organization for Social Services,National NGO,
63aacb6f91da905437126c51,AF,,WADAN,Welfare Association for Development of Afghanistan,National NGO,
63aacb6f91da905437126c52,AF,,WDAW,Welfare Development for Afghan Women,National NGO,
63aacb6f91da905437126c53,ALL,,WACD,West Africa Commission on Drugs,International NGO,
63aacb6f91da905437126c55,ALL,,WON,Widow Orphans & Needy,National NGO,
63aacb6f91da905437126c56,ALL,,WCS,Wildlife Conservative Society,National NGO,
63aacb6f91da905437126c57,ALL,,WSO,Woman's support Organization,National NGO,
63aacb6f91da905437126c58,ALL,,Womanity,Womanity Foundation,International NGO,
63aacb6f91da905437126c59,AF,,WPSO,Women & PEACE Studies Organization,National NGO,
63aacb6f91da905437126c5b,AF,,WASSA,Women Activities & Social Services Association,National NGO,
63aacb6f91da905437126c5c,ALL,,WOCCA,Women and Child Care Organization,International NGO,
63aacb6f91da905437126c5d,ALL,,WOCSO,Women and Child Support Organization,National NGO,
63aacb6f91da905437126c5e,AF,,WCLRF,Women and Children Legal Research Foundation,National NGO,
63aacb6f91da905437126c5f,ALL,,WACEO,Women And Children Empowerment Organization,National NGO,
63aacb6f91da905437126c60,ALL,,WAHA,Women And Health Alliance International,International NGO,
63aacb6f91da905437126c61,ALL,,WYEAHI,Women and Youth Empowerment for Advancement and Health Initiative,National NGO,
63aacb6f91da905437126c62,ALL,,WAYPADO,Women and Youth for Peace and Development Organization,National NGO,
63aacb6f91da905437126c63,ALL,,WAA,Women Assistance Association,National NGO,
63aacb6f91da905437126c64,ALL,,WYSC,Women and Youth Support Centres,National NGO,
63aacb6f91da905437126c65,ALL,,WAW,Women for Afghan Women,International NGO,
63aacb6f91da905437126c66,ALL,,WEGEO,Women Empowerment and Gender Equity Organization,National NGO,
63aacb6f91da905437126c67,ALL,,WWA,Women for Women Association,National NGO,
63aacb6f91da905437126c68,ALL,,WWI,Women for Women International,International NGO,
63aacb6f91da905437126c69,ALL,,WoW,Women for Women,National NGO,
63aacb6f91da905437126c6a,ALL,,WIN,Women Information Network,National NGO,
63aacb6f91da905437126c6b,ALL,,WMSSO,Women Message Social and Services Organization,National NGO,
63aacb6f91da905437126c6d,ALL,,WVTA,Women Vocational Training Agency,National NGO,
63aacb6f91da905437126c6e,ALL,,WOTCLEF,Women Trafficking and Child Labour Eradication Foundation,National NGO,
63aacb6f91da905437126c6f,ALL,,WEC,Women’s Empowerment Centre,National NGO,
63aacb6f91da905437126c70,ALL,,WC,World Concern,International NGO,
63aacb6f91da905437126c71,ALL,,WEDHA,Women's Effort for Development and Humanitarian Affairs,National NGO,
63aacb6f91da905437126c72,ALL,,WFP,World Food Programme,United Nations,
63aacb6f91da905437126c73,ALL,,WCC,World Council of Churches,International NGO,
63aacb6f91da905437126c74,ALL,,WMO,World Meteorological Organization,UN Agency,
63aacb6f91da905437126c75,ALL,,who,World Health Organization,WHO,
63aacb6f91da905437126c76,ALL,,OIE,World Organisation for Animal Health,International NGO,
63aacb6f91da905437126c78,ALL,,WVI,World Vision International,International NGO,
63aacb6f91da905437126c7e,ALL,,YAI,Young Aid International,National NGO,
63aacb6f91da905437126c80,AF,,YAAR,Youth Assembly for Afghanistan Rehabilitation,National NGO,
63aacb6f91da905437126c81,ALL,,YFWP,Youth Federation for World Peace,National NGO,
63aacb6f91da905437126c82,AF,,YHDO,Youth Health and Development Organization,National NGO,
63aacb6f91da905437126c84,AF,,YWN,Youth WASH Network,National NGO,
63aacb6f91da905437126c85,ALL,,ZCO,Zafar Cooperation Organization,National NGO,
63aacb6f91da905437126c86,ALL,,ZAWGI,Zaidal Women and Girls Initiative,National NGO,
63aacb6f91da905437126c87,AF,,ZA,Zalmai Afghan,National NGO,
63aacb6f91da905437126c89,ALL,,ZO,Zanjir-e-Omid,National NGO,
63aacb6f91da905437126c8a,ALL,,ZEGCAWIS,Zenith of the Girl Child and Women Initiative Support,National NGO,
63aacb6f91da905437126c8b,ALL,,ZSF,Zireenza Support Foundation,National NGO,
63aacb6f91da905437126c8c,ALL,,ZOA,ZOA International,International NGO,
63aacb6f91da905437126c92,ALL,,YCDP,Youth and Children Development Program,National NGO,
63aacb6f91da905437126c96,AF,,AOM,Afghan Organization for Migration,National NGO,
63aacb6f91da905437126c98,AF,,GAALO,Green Afghanistan Agriculture & Livestock Organization,National NGO,
63aacb6f91da905437126ca7,AF,,NORCROSS,Norwegian Red Cross,Red Cross and Red Crescent Movement,
63aacb6f91da905437126ca9,AF,,hddo,Health,HDDO,
63aacb6f91da905437126cb2,AF,,SUO,Social Uplift Organization,National NGO,
63aacb6f91da905437126cb3,AF,,AEPO,Afghanistan Education Production Organization,National NGO,
63aacb6f91da905437126cb5,AF,,LKRO,Loy Kandahar Reconstruction Organization,National NGO,
63aacb6f91da905437126cb6,AF,,MHCO,Maihan Humanitarian Convergence Organization,National NGO,
63aacb6f91da905437126cb7,AF,,BBC Media Action,British Broadcasting Center (BBC Media Action),International NGO,
63aacb6f91da905437126cb8,AF,,ASOW,Afghan Social Organization for Women,National NGO,
63aacb6f91da905437126cb9,AF,,ALSDO,Afghanistan Legal and Social Development Organization,National NGO,
63aacb6f91da905437126cba,AF,,HESWCO,Health Educational Services for Women and Children Organization,National NGO,
63aacb6f91da905437126cbc,AF,,Geneva Call,Geneva Call,International NGO,
63aacb6f91da905437126cbd,AF,,RHDO,Relief Humanitarian and Development Organization,National NGO,
63aacb6f91da905437126cbe,AF,,HHRD,Helping Hand for Relief and Development,International NGO,
63aacb6f91da905437126cc2,AF,,OAWCK,Organization for Afghan Women Capacity and Knowledge,National NGO,
63aacb6f91da905437126cc3,AF,,SEARCHO,Society Educational Awareness Research Consultancy and Health Organization,National NGO,
63aacb6f91da905437126cc5,AF,,OPHA,Organization for People's Health in Action (OPHA),National NGO,
63aacb6f91da905437126cc9,AF,,WOGDJCY,Watan Organization for Generation Development and Job Creation for Youth,National NGO,
63aacb6f91da905437126ccb,AF,,NOVE,Nove Onlus,International NGO,
63aacb6f91da905437126ccc,AF,,IHH,The Foundation for Human Rights and Freedom Humanitarian Relief,International NGO,
63aacb6f91da905437126ccf,AF,,HDNGO,Humanitarian and Development Non-Governmental Organization,National NGO,
63aacb6f91da905437126cd1,AF,,ADAO,Afghanistan Development and Assistance Organization,National NGO,
63aacb6f91da905437126cd2,AF,,AWDREO,Action for Welfare and Development in Rural Environment Organization,National NGO,
63aacb6f91da905437126cd3,AF,,RSDO,Razi Social Development Organization,National NGO,
63aacb6f91da905437126cd4,AF,,APBHO,Afghan Peace Builders Humanitarian Organization (APBHO),National NGO,
63aacb6f91da905437126cd5,AF,,OPHCD,Organization for Promotion of Health and Community Development,National NGO,
63aacb6f91da905437126cd6,AF,,HEERO,Humanitarian Economic Empowerment and Relief Organization,National NGO,
63aacb6f91da905437126cd7,AF,,GKRO,Green Kandahar Rehabilitation Organization,National NGO,
63aacb6f91da905437126cd8,AF,,TSDO,Tawhid Social and Development Organization,National NGO,
63aacb6f91da905437126cd9,AF,,FSCWEO,Faradata Social Change and Women Empowerment Organization,National NGO,
63aacb6f91da905437126cda,AF,,WEARO,Women Education and Afghanistan Rehabilitation Organization,National NGO,
63aacb6f91da905437126cdc,AF,,GWEO,Gaanda Welfare Educational Organization,National NGO,
63aacb6f91da905437126cde,AF,,ASLO,Afghanistan Social and Legal Organization,National NGO,
63aacb6f91da905437126cdf,AF,,WSWEO,Waves of Social Welfare and Economic Organization,International NGO,
63aacb6f91da905437126ce0,AF,,Polaris,Polaris Construction and Engineering Company,Private,
63aacb6f91da905437126ce1,AF,,AFAQ,AFAQ Construction Company,Private,
63aacb6f91da905437126ce2,AF,,YPCAO,Youth for Positive Change Afghanistan Organization,National NGO,
63aacb6f91da905437126ce3,AF,,ADVO,Afghan Development and Vocational Organization,National NGO,
63aacb6f91da905437126ce9,AF,,SFC Construction,Sahil FaqirZada Construction Company,Private,
63aacb6f91da905437126cea,AF,,HYSI,Homeland Youths Social Institution,National NGO,
63aacb6f91da905437126cec,AF,,SWRO,Social Welfare and Rehabilitation Organization,National NGO,
63aacb6f91da905437126cf0,AF,,AWSDC,Afghan Women Skills Development Center,National NGO,
63aacb6f91da905437126cf2,AF,,CDRO,Community Development & Research Organization,National NGO,
63aacb6f91da905437126cf3,AF,,ERDO,Education and Rural Development Organization,National NGO,
63aacb6f91da905437126cf4,AF,,YVO,Your voice Organization,National NGO,
63aacb6f91da905437126cfa,AF,,AOAD,Accessibility Organization for Afghan Disabled,National NGO,
63aacb6f91da905437126cfd,AF,,ERADA,Eastern Relief And Development Aid(ERADA),National NGO,
63aacb6f91da905437126cfe,AF,,AAH,Action Against Hunger,International NGO,
63aacb6f91da905437126cff,AF,,EDA,Emmanuel Development Association Afghanistan,International Organization,
63aacb6f91da905437126d00,AF,,AFD,Action for Development,International NGO,
63aacb6f91da905437126d01,AF,,VDO,Vision Development Organization,National NGO,
63aacb6f91da905437126d09,AF,,HPRO,Health Protection and Research Organization,National NGO,
63aacb6f91da905437126d0a,AF,,SWSSO,Sustainable Welfare Social Services Organization,National NGO,
63aacb6f91da905437126d0b,AF,,OHAD,Organization for Humanitarian Assistance and Development,National NGO,
63aacb6f91da905437126d0c,AF,,world,WELFARE ORGANIZATION FOR REHABILITATION,WORLD,
63aacb6f91da905437126d0d,AF,,HMLO,Human Management and Leadership Organization,National NGO,
63aacb6f91da905437126d0e,AF,,EPD,Equality for Peace and Development,National NGO,
63aacb6f91da905437126d11,AF,,AEHDA,Afghanistan Educational & Health Developmental Aids,National NGO,
63aacb6f91da905437126d1d,AF,,ORDR,Organization of Rural Development and Rehabilitation,National NGO,
63aacb6f91da905437126d1e,AF,,KRA,Kunduz Rehabilitation Agency,National NGO,
63aacb6f91da905437126d1f,AF,,ardho,Afghanistan Research,ARDHO,
63aacb6f91da905437126d21,AF,,IFRC,International Federation of Red Cross and Red Crescent Societies,National NGO,
63aacb6f91da905437126d22,AF,,ADRO,Afghanistan Development and Rehabilitation Organization,National NGO,
63aacb6f91da905437126d29,AF,,DRO,Afghanistan Development and Rehabilitation Organization DRO ,National NGO,
63aacb6f91da905437126d2c,AF,,CICA,Canadian International Community Association,National NGO,
63aacb6f91da905437126d2d,AF,,AWDCO,Afghan Women Development & Culture organizatioon,National NGO,
63aacb6f91da905437126d2e,AF,,JHPIEGO,Jhpiego,International NGO,
63aacb6f91da905437126d30,AF,,JACK,Just for Afghan Capacity and Knowledge,National NGO,
63aacb6f91da905437126d32,AF,,EPDO,Equality for peace and development organization,National NGO,
63aacb6f91da905437126d34,AF,,APWDO,Afghan Paramount Welfare and Development Organization,National NGO,
63aacb6f91da905437126d35,AF,,BFWO,Bright Future & Welfare Organization,National NGO,
63aacb6f91da905437126d36,AF,,WYFAO,Women and Youth Future Assist Organization,National NGO,
63aacb6f91da905437126d37,AF,,DAWEO,Danner-Afghanistan for Women Empowerment Organization,National NGO,
64291266f0ae9781c174fda0,AF,,ARWEO,Afghanistan Rehabilitation and Women Education Organization,National NGO,
6461e1433d311c76d1e8e6ce,AF,,CTCO,Creative Think for Change Organization - CTCO,National NGO,
6461e1913d311c76d1e8e6cf,AF,, and Long-lasting Treatment at Homeland Organization - HEALTHO,Health Efficient,HEALTHO,
6464907e4370d49316fcd394,AF,,EGO,Elite Group Organization (EGO),National NGO,
64785866ada4b21c255a66a3,AF,,RRSWO,Rah-e-Rahnaward Social Welfare Organization,National NGO,
64786e3bed37ef4ed0f69937,AF,,REALs,Reach Alternatives,international NGO,
6485a5169532d8f27b99b9c7,AF,,ORP,Organization for Reducing Poverty,National NGO,
64d3606869a143f35fad3c47,AF,,OWH,Organization for Welfare & Humanitarian,National NGO,
64e737e2e81176d7971c9da1,AF,,MAGNA,Medical and Nutrition Global Aid ,International NGO,
64ef280afe2183f98e300471,AF,,WeWorld-GVC,WeWorld-GVC,International NGO,
64f59ca415cb2d7cc354fba6,AF,,AAIWO,Afghan Alfouz Innovational Welfare Organization,National NGO,
650ac580f217ee2b9cb5ebbe,AF,,SSAWO,Social Services for Afghan Women Organization,National NGO,
651550d474b99e362851e4ca,AF,,ANURDO,Afghanistan National Urban and Rural Development Organization,National NGO,
651d34b56f37cd2aacf48803,AF,,UA,Union Aid,National NGO,
65433bdb42dd531d04f2849b,AF,,KRO,Kandahar Refugee Organization,National NGO,
65631806ddbe8b649e33a8a8,AF,,HO,Helping Orphans,International NGO,
63aacb6f91da90543712680e,ALL,,aar japan,Association for Aid and Relief,AAR Japan,
65c8953322ee052925f4f091,AF,,PVADO,Peace Village for Afghanistan Development Organization,National NGO,
65dae007e6c1ce3bf5fc1096,AF,,SGOA,Sustainable Goals Organization for Afghanistan,National NGO,
65e400f67d0caa173266a36e,AF,,A-AGO,Asia - Afghan Global Organization,National NGO,
65e4161ee1b6bc2f9d6da240,AF,,ASCPO,Afghan Save the Children and Protection Organization,National NGO,
65f67816a176f024ce3966ec,AF,,SADA,Social Association for Development of Afghanistan,National NGO,
66408e05a2ddb2624f060e1c,AF,,KHANA,Keenly Humanitarian Assistance for new Afghanistan,National NGO,
