cluster,cluster_id,activity_type_name,activity_type_id,activity_description_name,activity_description_id,activity_detail_name,activity_detail_id,indicator_name,indicator_id,start_date,end_date
CCCM,cccm,Mobile Site Management,mobile_site_management,CCCM WG: Mobile Site Management,cccm-wg-mobile-site-management,,,# of IDPs living in ISETs monitored by Mobile CCCM team,number-of-idps-living-in-isets-monitored-by-mobile-cccm-team,2023-01-01,2025-01-01
CCCM,cccm,Site Care and Maintenance,site_care_and_maintenance,CCCM WG: Site Care and Maintenance,cccm-wg-site-care-and-maintenance,,,# of IDPs living in ISETs which are provided with cash-based care and maintenance,number-of-idps-living-in-isets-which-are-provided-with-cash-based-care-and-maintenance,2023-01-01,2025-01-01
CCCM,cccm,Site Care and Maintenance,site_care_and_maintenance,CCCM WG: Site Care and Maintenance,cccm-wg-site-care-and-maintenance,,,# of IDPs living in ISETs which are provided with in-kind form of care and maintenance,number-of-idps-living-in-isets-which-are-provided-with-in-kind-form-of-care-and-maintenance,2023-01-01,2025-01-01
ESNFI,esnfi,CCCM Assistance,cccm-assistance,CCCM WG: Mobile Site Management,cccm-wg-mobile-site-management,,,# of IDPs living in ISETs monitored by Mobile CCCM team,number-of-idps-living-in-isets-monitored-by-mobile-cccm-team,2023-01-01,2025-01-01
ESNFI,esnfi,CCCM Assistance,cccm-assistance,CCCM WG: Site Care and Maintenance,cccm-wg-site-care-and-maintenance,,,# of IDPs living in ISETs which are provided with cash-based care and maintenance,number-of-idps-living-in-isets-which-are-provided-with-cash-based-care-and-maintenance,2023-01-01,2025-01-01
ESNFI,esnfi,CCCM Assistance,cccm-assistance,CCCM WG: Site Care and Maintenance,cccm-wg-site-care-and-maintenance,,,# of IDPs living in ISETs which are provided with in-kind form of care and maintenance,number-of-idps-living-in-isets-which-are-provided-with-in-kind-form-of-care-and-maintenance,2023-01-01,2025-01-01
ESNFI,esnfi,NFI Assistance,nfi-assistance,NFI Assistance,nfi-assistance,,,# of people receiving in kind assistance for basic household items / NFIs to meet their immediate needs,number-of-people-receiving-in-kind-assistance-for-basic-household-items-nfis-to-meet-their-immediate-needs,2023-01-01,2025-01-01
ESNFI,esnfi,NFI Assistance,nfi-assistance,NFI Assistance,nfi-assistance,,,# of people receiving cash assistance for basic household items / NFIs  to meet their immediate needs,number-of-people-receiving-cash-assistance-for-basic-household-items-nfis-to-meet-their-immediate-needs,2023-01-01,2025-01-01
ESNFI,esnfi,NFI Assistance,nfi-assistance,NFI Assistance,nfi-assistance,,,# of distribution undertaken with safe spaces for women & girls,of_distribution_undertaken_with_safe_spaces_for_women_and_girls,2024-01-01,2025-01-01
ESNFI,esnfi,NFI Assistance,nfi-assistance,NFI assistance (Assessment & Consultations),nfi_assistance_assessment_and_consultations,,,# of women and girls consulted during assessment and selection of beneficiaries for NFI assistance,of_women_and_girls_consulted_during_assessment_and_selection_of_beneficiaries_for_nfi_assistance,2024-01-01,2025-01-01
ESNFI,esnfi,Shelter Assistance,shelter-assistance,Emergency shelter kit (tent+ 2 pcs of plastic tarpaulin),emergency-shelter-kit-tent-2-pcs-of-plastic-tarpaulin,,,# of people receiving emergency shelter assistance through tents and plastic tarpaulin,number-of-people-receiving-emergency-shelter-assistance-through-tents-and-plastic-tarpaulin,2023-01-01,2025-01-01
ESNFI,esnfi,Shelter Assistance,shelter-assistance,Shelter repair reconstruction toolkit,shelter-repair-reconstruction-toolkit,,,# of people receiving cash assistance for shelter reconstruction toolkits,number-of-people-receiving-cash-assistance-for-shelter-reconstruction-toolkits,2023-01-01,2025-01-01
ESNFI,esnfi,Shelter Assistance,shelter-assistance,Shelter repair / reconstruction for minor damages,shelter-repair-reconstruction-for-minor-damages,,,# of people receiving in kind assistance to repair/upgrade minor damaged shelters,number-of-people-receiving-in-kind-assistance-to-repairupgrade-minor-damaged-shelters,2023-01-01,2025-01-01
ESNFI,esnfi,Shelter Assistance,shelter-assistance,Shelter repair / reconstruction for severe damages,shelter-repair-reconstruction-for-severe-damages,,,# of people receiving in kind assistance to repair/upgrade severely damaged shelters,number-of-people-receiving-in-kind-assistance-to-repairupgrade-severely-damaged-shelters,2023-01-01,2025-01-01
ESNFI,esnfi,Shelter Assistance,shelter-assistance,Shelter repair reconstruction toolkit,shelter-repair-reconstruction-toolkit,,,# of people receiving in kind assitance for shelter reconstruction toolkits,number-of-people-receiving-in-kind-assitance-for-shelter-reconstruction-toolkits,2023-01-01,2025-01-01
ESNFI,esnfi,Shelter Assistance,shelter-assistance,Transitional Shelter Support,transitional-shelter-support,,,# of people receiving support to construct transitional shelters through in kind,number-of-people-receiving-support-to-construct-transitional-shelters-through-in-kind,2023-01-01,2025-01-01
ESNFI,esnfi,Shelter Assistance,shelter-assistance,Emergency shelter assistance(Cash for rent),emergency-shelter-assistancecash-for-rent,,,"# of people receiving emergency shelter assistance, including through cash-for-rent support",number-of-people-receiving-emergency-shelter-assistance-including-through-cash-for-rent-support,2023-01-01,2025-01-01
ESNFI,esnfi,Shelter Assistance,shelter-assistance,Shelter repair / reconstruction for minor damages,shelter-repair-reconstruction-for-minor-damages,,,# of people receiving cash assistance to repair/upgrade minor damaged shelters,number-of-people-receiving-cash-assistance-to-repairupgrade-minor-damaged,2023-01-01,2025-01-01
ESNFI,esnfi,Shelter Assistance,shelter-assistance,Shelter repair / reconstruction for severe damages,shelter-repair-reconstruction-for-severe-damages,,,# of people receiving cash assistance to repair/upgrade severely damaged shelters,number-of-people-receiving-cash-assistance-to-repairupgrade-severely-damaged-shelters,2023-01-01,2025-01-01
ESNFI,esnfi,Shelter Assistance,shelter-assistance,Transitional Shelter Support,transitional-shelter-support,,,# of people receiving support to construct transitional shelters through cash,number-of-people-receiving-support-to-construct-transitional-shelters-through-cash,2023-01-01,2025-01-01
ESNFI,esnfi,Shelter Assistance,shelter-assistance,Transitional Shelter Support,transitional-shelter-support,,,# of people receiving support to construct transitional shelters for PSNs through in kind,of_people_receiving_support_to_construct_transitional_shelters_for_psns_through_in_kind,2023-01-01,2025-01-01
ESNFI,esnfi,Shelter Assistance,shelter-assistance,Transitional Shelter Support,transitional-shelter-support,,,# of people receiving support to construct transitional shelters for PSNs through cash,of_people_receiving_support_to_construct_transitional_shelters_for_psns_through_cash,2023-01-01,2025-01-01
ESNFI,esnfi,Shelter Assistance,shelter-assistance,Shelter repair / reconstruction for severe damages,shelter-repair-reconstruction-for-severe-damages,,,# of people receiving top up cash assistance to rebuild destroyed shelters,of_people_receiving_top_up_cash_assistance_to_rebuild_destroyed_shelters,2023-01-01,2025-01-01
ESNFI,esnfi,Shelter Assistance,shelter-assistance,Shelter repair / reconstruction for severe damages,shelter-repair-reconstruction-for-severe-damages,,,# of people receiving top up in kind assistance to rebuild destroyed shelters,of_people_receiving_top_up_in_kind_assistance_to_rebuild_destroyed_shelters,2023-01-01,2025-01-01
ESNFI,esnfi,Shelter Assistance,shelter-assistance,Shelter repair / reconstruction for minor damages,shelter-repair-reconstruction-for-minor-damages,,,# of women and girls who received technical support / awareness including building back better measures for shelter reconstruction for minor damages,of_women_and_girls_who_received_technical_support_awareness_including_building_back_better_measures_for_shelter_reconstruction_for_minor_damages,2024-01-01,2025-01-01
ESNFI,esnfi,Shelter Assistance,shelter-assistance,Shelter repair / reconstruction for minor damages,shelter-repair-reconstruction-for-minor-damages,,,# of distribution undertaken with safe spaces for women & girls,of_distribution_undertaken_with_safe_spaces_for_women_and_girls,2024-01-01,2025-01-01
ESNFI,esnfi,Shelter Assistance,shelter-assistance,Shelter repair / reconstruction for severe damages,shelter-repair-reconstruction-for-severe-damages,,,# of women and girls who received technical support / awareness including building back better measures for shelter reconstruction for severe damages,of_women_and_girls_who_received_technical_support_awareness_including_building_back_better_measures_for_shelter_reconstruction_for_severe_damages,2024-01-01,2025-01-01
ESNFI,esnfi,Shelter Assistance,shelter-assistance,Shelter repair / reconstruction for severe damages,shelter-repair-reconstruction-for-severe-damages,,,# of distribution undertaken with safe spaces for women & girls,of_distribution_undertaken_with_safe_spaces_for_women_and_girls,2024-01-01,2025-01-01
ESNFI,esnfi,Shelter Assistance,shelter-assistance,Shelter repair reconstruction toolkit,shelter-repair-reconstruction-toolkit,,,# of distribution undertaken with safe spaces for women & girls,of_distribution_undertaken_with_safe_spaces_for_women_and_girls,2024-01-01,2025-01-01
ESNFI,esnfi,Shelter Assistance,shelter-assistance,Permanent Shelter Support,permanent_shelter_support,,,# of people receiving support to construct permanent shelters through cash,of_people_receiving_support_to_construct_permanent_shelters_through_cash,2024-01-01,2025-01-01
ESNFI,esnfi,Shelter Assistance,shelter-assistance,Permanent Shelter Support,permanent_shelter_support,,,# of people receiving support to construct permanent shelters through kind,of_people_receiving_support_to_construct_permanent_shelters_through_kind,2024-01-01,2025-01-01
ESNFI,esnfi,Shelter Assistance,shelter-assistance,Permanent Shelter Support,permanent_shelter_support,,,# of women and girls who received technical support / awareness including building back better measures for permanent shelter,of_women_and_girls_who_received_technical_support_awareness_including_building_back_better_measures_for_permanent_shelter,2024-01-01,2025-01-01
ESNFI,esnfi,Shelter Assistance,shelter-assistance,Permanent Shelter Support,permanent_shelter_support,,, # of distribution undertaken with safe spaces for women & girls,of_distribution_undertaken_with_safe_spaces_for_women_and_girls,2024-01-01,2025-01-01
ESNFI,esnfi,Shelter Assistance,shelter-assistance,Permanent Shelter Support (Assessment & Consultations),permanent_shelter_support_assessment_and_consultations,,,# of women and girls consulted during assessment and selection of beneficiaries for permanent shelter support,of_women_and_girls_consulted_during_assessment_and_selection_of_beneficiaries_for_permanent_shelter_support,2024-01-01,2025-01-01
ESNFI,esnfi,Shelter Assistance,shelter-assistance,Transitional Shelter Support,transitional-shelter-support,,,# of women and girls who received technical support / awareness including building back better measures for transitional shelter,of_women_and_girls_who_received_technical_support_awareness_including_building_back_better_measures_for_transitional_shelter,2024-01-01,2025-01-01
ESNFI,esnfi,Shelter Assistance,shelter-assistance,Transitional Shelter Support,transitional-shelter-support,,,# of distribution undertaken with safe spaces for women & girls,of_distribution_undertaken_with_safe_spaces_for_women_and_girls,2024-01-01,2025-01-01
ESNFI,esnfi,Shelter Assistance,shelter-assistance,Transitional Shelter Support (Assessment & Consultations),transitional_shelter_support_assessment_and_consultations,,,# of women and girls consulted during assessment and selection of beneficiaries for transitional shelter support,of_women_and_girls_consulted_during_assessment_and_selection_of_beneficiaries_for_transitional_shelter_support,2024-01-01,2025-01-01
ESNFI,esnfi,Shelter Assistance,shelter-assistance,Shelter repair / reconstruction assistance (Assessment & Consultations),shelter_repair_reconstruction_assistance_assessment_and_consultations,,,# of women and girls consulted during assessment and selection of beneficiaries for shelter repair / reconstruction support,of_women_and_girls_consulted_during_assessment_and_selection_of_beneficiaries_for_shelter_repair_reconstruction_support,2024-01-01,2025-01-01
ESNFI,esnfi,Shelter Assistance,shelter-assistance,Emergency shelter assistance (Assessment & Consultations),emergency_shelter_assistance_assessment_and_consultations,,,# of women and girls consulted during assessment and selection of beneficiaries for emergency shelter assistance,of_women_and_girls_consulted_during_assessment_and_selection_of_beneficiaries_for_emergency_shelter_assistance,2024-01-01,2025-01-01
ESNFI,esnfi,Winterization Assistanc,winterization-assistance,Assistance to cover winterization needs (Assessment & Consultations),assistance_to_cover_winterization_needs_assessment_and_consultations,,,# of women and girls consulted during assessment and selection of beneficiaries for seasonal winter assistance,of_women_and_girls_consulted_during_assessment_and_selection_of_beneficiaries_for_seasonal_winter_assistance,2024-01-01,2025-01-01
ESNFI,esnfi,Winterization Assistance,winterization-assistance,Assistance to cover winterization needs (Winter Clothing),assistance-to-cover-winterization-needs-winter-clothing,,,# of people receiving seasonal in kind assistance for winter clothing,number-of-people-receiving-seasonal-in-kind-assistance-for-winter-clothing,2023-01-01,2025-01-01
ESNFI,esnfi,Winterization Assistance,winterization-assistance,Assistance to cover winterization needs (Blankets or Quilts),assistance-to-cover-winterization-needs-blankets-or-quilts,,,# of people receiving seasonal cash assistance for blankets or quilts.,number-of-people-receiving-seasonal-cash-assistance-for-blankets-or-quilts,2023-01-01,2025-01-01
ESNFI,esnfi,Winterization Assistance,winterization-assistance,Assistance to cover winterization needs (Blankets or Quilts),assistance-to-cover-winterization-needs-blankets-or-quilts,,,# of people receiving seasonal in kind assistance for blankets or quilts.,number-of-people-receiving-seasonal-in-kind-assistance-for-blankets-or-quilts,2023-01-01,2025-01-01
ESNFI,esnfi,Winterization Assistance,winterization-assistance,Assistance to cover winterization needs (Heater & Fuel),assistance-to-cover-winterization-needs-heater-fuel,,,# of people receiving seasonal in kind assistance for heaters and fuel,number-of-people-receiving-seasonal-in-kind-assistance-for-heaters-and-fuel,2023-01-01,2025-01-01
ESNFI,esnfi,Winterization Assistance,winterization-assistance,Assistance to cover winterization needs (Heater & Fuel),assistance-to-cover-winterization-needs-heater-fuel,,,# of people receiving seasonal cash assistance for heaters and fuel,number-of-people-receiving-seasonal-cash-assistance-for-heaters-and-fuel,2023-01-01,2025-01-01
ESNFI,esnfi,Winterization Assistance,winterization-assistance,Assistance to cover winterization needs (Winter Clothing),assistance-to-cover-winterization-needs-winter-clothing,,,# of people receiving seasonal cash assistance for winter clothing,number-of-people-receiving-seasonal-cash-assistance-for-winter-clothing,2023-01-01,2025-01-01
ESNFI,esnfi,Winterization Assistance,winterization-assistance,Assistance to cover winterization needs (Blankets or Quilts),assistance-to-cover-winterization-needs-blankets-or-quilts,,, # of distribution undertaken with safe spaces for women & girls,of_distribution_undertaken_with_safe_spaces_for_women_and_girls,2023-01-01,2025-01-01
ESNFI,esnfi,Winterization Assistance,winterization-assistance,Assistance to cover winterization needs (Heater & Fuel),assistance-to-cover-winterization-needs-heater-fuel,,,# of distribution undertaken with safe spaces for women & girls,of_distribution_undertaken_with_safe_spaces_for_women_and_girls,2024-01-01,2025-01-01
ESNFI,esnfi,Winterization Assistance,winterization-assistance,Assistance to cover winterization needs (Winter Clothing),assistance-to-cover-winterization-needs-winter-clothing,,,# of distribution undertaken with safe spaces for women & girls,of_distribution_undertaken_with_safe_spaces_for_women_and_girls,2024-01-01,2025-01-01
FSAC,fsac,Agriculture Based Livelihood Support,agriculture-based-livelihood-support,Livelihoods support: winter wheat cultivation package (1 month),livelihoods-support-winter-wheat-cultivation-package-1-month,,,# People receiving in-kind winter wheat cultivation package (1 month),number-people-receiving-in-kind-winter-wheat-cultivation-package-1-month,2023-01-01,2025-01-01
FSAC,fsac,Agriculture Based Livelihood Support,agriculture-based-livelihood-support,Livelihoods support: backyard vegetable cultivation (1 month),livelihoods-support-backyard-vegetable-cultivation-1-month,,,# People receiving cash support for backyard vegetable cultivation (1 month),number-people-receiving-cash-support-for-backyard-vegetable-cultivation-1-month,2023-01-01,2025-01-01
FSAC,fsac,Agriculture Based Livelihood Support,agriculture-based-livelihood-support,Livelihoods support: backyard vegetable cultivation (1 month),livelihoods-support-backyard-vegetable-cultivation-1-month,,,# People receiving in-kind support for backyard vegetable cultivation (1 month),number-people-receiving-in-kind-support-for-backyard-vegetable-cultivation-1-month,2023-01-01,2025-01-01
FSAC,fsac,Agriculture Based Livelihood Support,agriculture-based-livelihood-support,Livelihoods support: Summer cultivation package (1 month),livelihoods-support-summer-cultivation-package-1-month,,,# People receiving cash winter wheat cultivation package (1 month),number-people-receiving-cash-winter-wheat-cultivation-package-1-month,2023-01-01,2025-01-01
FSAC,fsac,Agriculture Based Livelihood Support,agriculture-based-livelihood-support,Livelihoods support: Summer cultivation package (1 month),livelihoods-support-summer-cultivation-package-1-month,,,# People receiving in-kind support for summer cultivation package (1 month),people_receiving_in_kind_support_for_summer_cultivation_package_1_month,2023-01-01,2025-01-01
FSAC,fsac,Agriculture Based Livelihood Support,agriculture-based-livelihood-support,Livelihoods support: backyard vegetable cultivation (1 month),livelihoods-support-backyard-vegetable-cultivation-1-month,,,# People receiving cash support for summer cultivation package (1 month),people_receiving_cash_support_for_summer_cultivation_package_1_month,2023-01-01,2025-01-01
FSAC,fsac,Asset Creation/Vocational Skills WFP-Food,asset_creationvocational_skills_wfp_food,Asset Creation/Vocational Skills WFP-Food,asset_creationvocational_skills_wfp_food,,,Asset Creation/Vocational Skills WFP-Food,asset_creationvocational_skills_wfp_food,2024-01-01,2025-01-01
FSAC,fsac,Asset Creation/Vocational Skills WFP-Food,asset_creationvocational_skills_wfp_food,Asset Creation/Vocational Skills WFP-Food,asset_creationvocational_skills_wfp_food,,,Asset Creation/Vocational Skills WFP-Cash,asset_creationvocational_skills_wfp_cash,2024-01-01,2025-01-01
FSAC,fsac,Food Assistance,food-assistance,Food assistance for cross-border returnees (4 months),food-assistance-for-cross-border-returnees-4-months,,,# Cross-border returnees receiving cash transfers for food (4 months),number-cross-border-returnees-receiving-cash-transfers-for-food-4-months,2023-01-01,2025-01-01
FSAC,fsac,Food Assistance,food-assistance,Food assistance for IDPs (3 months),food-assistance-for-idps-3-months,,,# IDPs receiving cash transfers for food (3 months),number-idps-receiving-cash-transfers-for-food-3-months,2023-01-01,2025-01-01
FSAC,fsac,Food Assistance,food-assistance,Food assistance for cross-border returnees (4 months),food-assistance-for-cross-border-returnees-4-months,,,# Cross-border returnees receiving in kind food assistance (4 months),number-cross-border-returnees-receiving-in-kind-food-assistance-4-months,2023-01-01,2025-01-01
FSAC,fsac,Food Assistance,food-assistance,Food assistance for natural disaster-affected (2 months),food-assistance-for-natural-disaster-affected-2-months,,,# Natural disaster-affected people receiving in-kind food assistance (2 months),number-natural-disaster-affected-people-receiving-in-kind-food-assistance-2-months,2023-01-01,2025-01-01
FSAC,fsac,Food Assistance,food-assistance,"Food assistance for people in IPC Phase 3 (Jan-Apr, Nov-Dec, 6 months)",food-assistance-for-people-in-ipc-phase-3-jan-apr-nov-dec-6-months,,,"# People in IPC Phase 3 receiving cash transfers for food (Jan-Apr, Nov-Dec, 6 months)",number-people-in-ipc-phase-3-receiving-cash-transfers-for-food-jan-apr-nov-dec-6-months,2023-01-01,2025-01-01
FSAC,fsac,Food Assistance,food-assistance,"Food assistance for people in IPC Phase 4 (Jan-Apr, Nov-Dec, 6 months)",food-assistance-for-people-in-ipc-phase-4-jan-apr-nov-dec-6-months,,,"# People in IPC Phase 4 receiving in-kind food assistance (Jan-Apr, Nov-Dec, 6 months)",number-people-in-ipc-phase-4-receiving-in-kind-food-assistance-jan-apr-nov-dec-6-months,2023-01-01,2025-01-01
FSAC,fsac,Food Assistance,food-assistance,"Food assistance for people in IPC Phase 3 (Jan-Apr, Nov-Dec, 6 months)",food-assistance-for-people-in-ipc-phase-3-jan-apr-nov-dec-6-months,,,"# People in IPC Phase 3 receiving in-kind food assistance (Jan-Apr, Nov-Dec, 6 months)",number-people-in-ipc-phase-3-receiving-in-kind-food-assistance-jan-apr-nov-dec-6-months,2023-01-01,2025-01-01
FSAC,fsac,Food Assistance,food-assistance,Food assistance for IDPs (3 months),food-assistance-for-idps-3-months,,,# IDPs receiving in-kind food assistance (3 months),number-idps-receiving-in-kind-food-assistance-3-months,2023-01-01,2025-01-01
FSAC,fsac,Food Assistance,food-assistance,Food assistance for natural disaster-affected (2 months),food-assistance-for-natural-disaster-affected-2-months,,,# Natural disaster-affected people receiving cash transfers for food (2 months),number-natural-disaster-affected-people-receiving-cash-transfers-for-food-2-months,2023-01-01,2025-01-01
FSAC,fsac,Food Assistance,food-assistance,"Food assistance for people in IPC Phase 4 (Jan-Apr, Nov-Dec, 6 months)",food-assistance-for-people-in-ipc-phase-4-jan-apr-nov-dec-6-months,,,"# People in IPC Phase 4 receiving cash transfers for food (Jan-Apr, Nov-Dec, 6 months)",number-people-in-ipc-phase-4-receiving-cash-transfers-for-food-jan-apr-nov-dec-6-months,2023-01-01,2025-01-01
FSAC,fsac,Food Assistance,food-assistance,Food assistance for Pakistani refugees (6 months),food-assistance-for-pakistani-refugees-6-months,,,# Pakistani refugees receiving cash transfers for food (6 months),number-pakistani-refugees-receiving-cash-transfers-for-food-6-months,2023-01-01,2025-01-01
FSAC,fsac,Food Assistance,food-assistance,Food assistance for Pakistani refugees (6 months),food-assistance-for-pakistani-refugees-6-months,,,# Pakistani refugees receiving in kind food assistance (6 months),number-pakistani-refugees-receiving-in-kind-food-assistance-6-months,2023-01-01,2025-01-01
FSAC,fsac,Hotspot Response,hotspot-response,Hotspot Response),hotspot-response,,,Hotspot Response-Food,hotspot-response-food,2024-01-01,2025-01-01
FSAC,fsac,Livelihood Support,livelihood-support,Livelihoods support for natural disaster-affected (1month),livelihoods-support-for-natural-disaster-affected-1month,,,# Natural disaster-affected people receiving in-kind livelihoods assistance (1 month),number-natural-disaster-affected-people-receiving-in-kind-livelihoods-assistance-1-month,2023-01-01,2025-01-01
FSAC,fsac,Livelihood Support,livelihood-support,Livelihoods support for natural disaster-affected (1month),livelihoods-support-for-natural-disaster-affected-1month,,,# Natural disaster-affected people receiving livelihoods assistance in cash (1 month),number-natural-disaster-affected-people-receiving-livelihoods-assistance-in-cash-1-month,2023-01-01,2025-01-01
FSAC,fsac,Livelihood Support,livelihood-support,Livelihoods support for asset creation (6 months),livelihoods-support-for-asset-creation-6-months,,,Asset Creation-Food (FAO: CFW),asset_creation_food_fao_cfw,2024-01-01,2025-01-01
FSAC,fsac,Livelihood Support,livelihood-support,Emergency livelihoods support aimed for women-Food,emergency_livelihoods_support_aimed_for_women_food,,,Emergency livelihoods support aimed for women(Food),emergency_livelihoods_support_aimed_for_womenfood,2024-01-01,2025-01-01
FSAC,fsac,Livelihood Support,livelihood-support,Emergency livelihoods support aimed for women-cash,emergency_livelihoods_support_aimed_for_women_cash,,,Emergency livelihoods support aimed for women(Cash),emergency_livelihoods_support_aimed_for_womencash,2024-01-01,2025-01-01
FSAC,fsac,Livestock Based Support,livestock-based-support,Livelihoods support: backyard poultry package (1 month),livelihoods-support-backyard-poultry-package-1-month,,,# People receiving cash for backyard poultry package (1 month),number-people-receiving-cash-for-backyard-poultry-package-1-month,2023-01-01,2025-01-01
FSAC,fsac,Livestock Based Support,livestock-based-support,Livelihoods support: livestock protection package (1 month),livelihoods-support-livestock-protection-package-1-month,,,# People receiving cash for livestock protection package (1 month),number-people-receiving-cash-for-livestock-protection-package-1-month,2023-01-01,2025-01-01
FSAC,fsac,Livestock Based Support,livestock-based-support,Livelihoods support: livestock protection package (1 month),livelihoods-support-livestock-protection-package-1-month,,,# People receiving in-kind livestock protection package (1 month),number-people-receiving-in-kind-livestock-protection-package-1-month,2023-01-01,2025-01-01
FSAC,fsac,Livestock Based Support,livestock-based-support,Livelihoods support: backyard poultry package (1 month),livelihoods-support-backyard-poultry-package-1-month,,,# People receiving in-kind backyard poultry package (1 month),number-people-receiving-in-kind-backyard-poultry-package-1-month,2023-01-01,2025-01-01
FSAC,fsac,Livestock Based Support,livestock-based-support,Containment of plant pest and animal disease outbreaks,containment-of-plant-pest-and-animal-disease-outbreaks,,,"Emergency containment of plant pest and animal diseases outbreaks (Lumpy Sking Disease, Locust, etc.)",emergency-containment-of-plant-pest-and-animal-diseases-outbreaks-lumpy-sking-disease-locust-etc,2023-01-01,2025-01-01
FSAC,fsac,Non-Agriculture Based Livelihood Support,non-agriculture-based-livelihood-support,Unconditional cash transfer,unconditional-cash-transfer,,,# People receiving unconditional cash transfer (1 month),number-people-receiving-unconditional-cash-transfer-1-month,2023-01-01,2025-01-01
Health,health,1. Primary health care services,primary_health_care_services,1.2 Provision of primary health care referral services,provision-of-primary-health-care-referral-services,,,# of patients referred out from PHC facilities,number-of-patients-referred-out-from-phc-facilities,2023-01-01,2025-01-01
Health,health,1. Primary health care services,primary_health_care_services,1.1 Provision of primary health care consultations,provision-of-primary-health-care-consultations,,,# of primary health care consultations,number-of-primary-health-care-consultations,2023-01-01,2025-01-01
Health,health,1. Primary health care services,primary_health_care_services,1.3 Support delivery of disability and physical rehabilitation services,support-delivery-of-disability-and-physical-rehabilitation-services,,,# of people with disabilities received rehabilitative care,number-of-people-with-disabilities-received-rehabilitative-care,2023-01-01,2025-01-01
Health,health,1. Primary health care services,primary_health_care_services,1.4 Diarrhea and oral rehydration solution (ORS) Treatment ,diarrhea-and-oral-rehydration-solution-ors-treatment-,,,# of diarrhea cases treated with oral rehydration solution (ORS) in children under the age of 5 years,number-of-diarrhea-cases-treated-with-oral-rehydration-solution-ors-in-children-under-the-age-of-5-years,2023-01-01,2025-01-01
Health,health,1. Primary health care services,primary_health_care_services,1.5 Support delivery of primary health care services including non-communicable diseases,support-delivery-of-primary-health-care-services-including-non-communicable-diseases,,,# of Noncommunicable diseases (NCDs) consultations,number-of-noncommunicable-diseases-ncds-consultations,2023-01-01,2025-01-01
Health,health,1. Primary health care services,primary_health_care_services,1.6 Access to health care services,access-to-health-care-services,,,# of health facilities rehabilitated,number-of-health-facilities-rehabilitated,2023-01-01,2025-01-01
Health,health,1. Primary health care services,primary_health_care_services,1.2 Provision of primary health care referral services,provision-of-primary-health-care-referral-services,,,# of patients provided with cash referred out from PHC,of_patients_provided_with_cash_referred_out_from_phc,2024-01-01,2025-01-01
Health,health,2. Secondary health care services,secondary-health-care-services,2.1 Provision of outpatient care at secondary health care facilities,provision-of-outpatient-secondary-health-care-services,,,# of patients receiving outpatient care at secondary health care facilities,number-of-patients-receiving-outpatient-care-at-secondary-health-care-facilities,2023-01-01,2025-01-01
Health,health,2. Secondary health care services,secondary-health-care-services,2.2 Provision of inpatient care at secondary health care facilities,provision-of-inpatient-secondary-health-care-services,,,# of patients receiving inpatient care at secondary health care facilities,number-of-patients-receiving-inpatient-care-at-secondary-health-care-facilities,2023-01-01,2025-01-01
Health,health,3. Training,health_training,3.6 Training of health care providers on COVID-19 case management,training-of-health-care-providers-on-covid-19-case-management,,,# of health care workers trained,number-of-health-care-workers-trained,2023-01-01,2025-01-01
Health,health,3. Training,health_training,3.9 Training of health care providers  on Acute Watery Diarrhea (AWD) case management,training-of-health-care-providers-on-acute-watery-diarrhea-awd-case-management,,,# of health care workers trained,number-of-health-care-workers-trained,2023-01-01,2025-01-01
Health,health,3. Training,health_training,3.10 Training of health care providers on IPD-SAM,training-of-health-care-providers-on-ipd-sam,,,# of health care workers trained,number-of-health-care-workers-trained,2023-01-01,2025-01-01
Health,health,3. Training,health_training,3.2 Training of health care providers on health response to survivors of violence,training-of-health-care-providers-on-health-response-to-survivors-of-violence,,,# of health care workers trained,number-of-health-care-workers-trained,2023-01-01,2025-01-01
Health,health,3. Training,health_training,3.3 Training of health care providers on trauma care,training-of-health-care-providers-on-trauma-care,,,# of health care workers trained,number-of-health-care-workers-trained,2023-01-01,2025-01-01
Health,health,3. Training,health_training,3.4 Training of health care providers on Maternal and Child Health (MCH),training-of-health-care-providers-on-maternal-and-child-health-mch,,,# of health care workers trained,number-of-health-care-workers-trained,2023-01-01,2025-01-01
Health,health,3. Training,health_training,3.5 Training of health care providers  on surveillance and outbreak investigation and response ,training-of-health-care-providers-on-surveillance-and-outbreak-investigation-and-response-,,,# of health care workers trained,number-of-health-care-workers-trained,2023-01-01,2025-01-01
Health,health,3. Training,health_training,3.1 Training of health care providers on Prevention of Sexual Exploitation & Abuse (PSEA),training-of-health-care-providers-on-prevention-of-sexual-exploitation-abuse-psea,,,# of health care workers trained,number-of-health-care-workers-trained,2023-01-01,2025-01-01
Health,health,3. Training,health_training,3.7 Training of health care providers on Infection Prevention and Control (IPC),training-of-health-care-providers-on-infection-prevention-and-control-ipc,,,# of health care workers trained,number-of-health-care-workers-trained,2023-01-01,2025-01-01
Health,health,3. Training,health_training,3.8 Training of health care providers on MHPSS,training-of-health-care-providers-on-mhpss,,,# of health care workers trained,number-of-health-care-workers-trained,2023-01-01,2025-01-01
Health,health,3. Training,health_training,3.11 Training of health care providers on Intensive Care Units (ICU),311_training_of_health_care_providers_on_intensive_care_units_icu,,,# of health care workers trained,number-of-health-care-workers-trained,2024-01-01,2025-01-01
Health,health,3. Training,health_training,3.12 Training of health care providers on Information Management,312_training_of_health_care_providers_on_information_management,,,# of health care workers trained,number-of-health-care-workers-trained,2024-01-01,2025-01-01
Health,health,3. Training,health_training,3.13 Training of health care providers on NCD (Non-Communicable Disease),313_training_of_health_care_providers_on_ncd_non_communicable_disease,,,# of health care workers trained,number-of-health-care-workers-trained,2024-01-01,2025-01-01
Health,health,3. Training,health_training,3.14 Training of health care providers on other areas,314_training_of_health_care_providers_on_other_areas,,,# of health care workers trained,number-of-health-care-workers-trained,2024-01-01,2025-01-01
Health,health,3. Training,health_training,3.15 Training of community health care workers (HCWs) / health educators,315_training_of_community_health_care_workers_hcws_health_educators,,,# of health care workers trained,number-of-health-care-workers-trained,2024-01-01,2025-01-01
Health,health,4. Mental Health and Psychosocial Support (MHPSS),mental_health_psychosocial_support,4.1 Provision of Mental Health and Psychosocial Support (MHPSS) consultations,provision-of-mental-health-and-psychosocial-support-mhpss-consultations,,,# of Mental Health and Psychosocial Support (MHPSS) consultations,number-of-mental-health-and-psychosocial-support-mhpss-consultations,2024-01-01,2025-01-01
Health,health,"5. Maternal, Newborn and Child Health (MNCH)",maternal_newborn_child_health,5.4 Provision of TT2 vaccination services to women,provision-of-tt2-vaccination-services-to-women,,,# of child bearing age women who received TT2 vaccine,number-of-child-bearing-age-women-who-received-tt2-vaccine,2023-01-01,2025-01-01
Health,health,"5. Maternal, Newborn and Child Health (MNCH)",maternal_newborn_child_health,5.5 Provision of TT2 vaccination services to pregnant women,provision-of-tt2-vaccination-services-to-pregnant-women,,,#of pregnant women who received TT2 vaccine,numberof-pregnant-women-who-received-tt2-vaccine,2023-01-01,2025-01-01
Health,health,"5. Maternal, Newborn and Child Health (MNCH)",maternal_newborn_child_health,5.3 Provision of skilled birth services,provision-of-skilled-birth-services,,,# of deliveries attended by a skilled birth attendant,number-of-deliveries-attended-by-a-skilled-birth-attendant,2023-01-01,2025-01-01
Health,health,"5. Maternal, Newborn and Child Health (MNCH)",maternal_newborn_child_health,5.1 Provision of Ante-Natal Care (ANC) visits ,provision-of-ante-natal-care-anc-visits-,,,# of Ante-Natal Care (ANC) visits ,number-of-ante-natal-care-anc-visits-,2023-01-01,2025-01-01
Health,health,"5. Maternal, Newborn and Child Health (MNCH)",maternal_newborn_child_health,5.2 Provision of Post-Natal Care (PNC) visits,provision-of-post-natal-care-pnc-visits,,,# of Post-Natal Care (PNC) visits,number-of-post-natal-care-pnc-visits,2023-01-01,2025-01-01
Health,health,6. Trauma care,trauma_care,6.1 Provision of trauma care services treated (conflict),provision-of-trauma-care-services-treated-conflict,,,# of (conflict) inducted trauma cases treated,number-of-trauma-care-cases-treated-conflict,2023-01-01,2025-01-01
Health,health,6. Trauma care,trauma_care,6.2 Provision of trauma care services referred (conflict),provision-of-trauma-care-services-referred-conflict,,,# of (conflict) inducted trauma cases referred,number-of-trauma-care-cases-referred-conflict,2023-01-01,2025-01-01
Health,health,6. Trauma care,trauma_care,6.4 Provision of trauma care services referred (non-conflict),provision-of-trauma-care-services-referred-non-conflict,,,# of (non-conflict) inducted trauma cases referred,number-of-trauma-care-cases-referred-non-conflict,2023-01-01,2025-01-01
Health,health,6. Trauma care,trauma_care,6.3 Provision of trauma care services treated (non-conflict),provision-of-trauma-care-services-treated-non-conflict,,,# of (non-conflict) inducted trauma cases treated,number-of-trauma-care-cases-treated-non-conflict,2023-01-01,2025-01-01
Health,health,7. Vaccination/Immunization,vaccination,7.1 Panta3 vaccination coverage,panta3-vaccination-coverage,,,# of children under 2 years of age received Penta3 vaccine,number-of-children-under-2-years-of-age-received-penta3-vaccine,2023-01-01,2025-01-01
Health,health,7. Vaccination/Immunization,vaccination,7.2 Measles vaccination coverage,measles-vaccination-coverage,,,# of children under 2 years of age received Measles vaccine,number-of-children-under-2-years-of-age-received-measles-vaccine,2023-01-01,2025-01-01
Health,health,8. Essential  supplies,essential_supplies,8.9 Provision of essential supplies [Reproductive Health Kit (RH)],provision-of-essential-supplies-reproductive-health-kit-rh,,,# of kits distributed,number-of-kits-distributed,2023-01-01,2025-01-01
Health,health,8. Essential  supplies,essential_supplies,8.1 Provision of essential supplies [AWD_Cholera Kit],provision-of-essential-supplies-awd_cholera-kit,,,# of kits distributed,number-of-kits-distributed,2023-01-01,2025-01-01
Health,health,8. Essential  supplies,essential_supplies,8.2 Provision of essential supplies [Dignity Kit],provision-of-essential-supplies-dignity-kit,,,# of kits distributed,number-of-kits-distributed,2023-01-01,2025-01-01
Health,health,8. Essential  supplies,essential_supplies,8.3 Provision of essential supplies [Hygiene Kit],provision-of-essential-supplies-hygiene-kit,,,# of kits distributed,number-of-kits-distributed,2023-01-01,2025-01-01
Health,health,8. Essential  supplies,essential_supplies,8.4 Provision of essential supplies [PED-SAM Kit],provision-of-essential-supplies-ped-sam-kit,,,# of kits distributed,number-of-kits-distributed,2023-01-01,2025-01-01
Health,health,8. Essential  supplies,essential_supplies,8.5 Provision of essential supplies [Measles Kit],provision-of-essential-supplies-measles-kit,,,# of kits distributed,number-of-kits-distributed,2023-01-01,2025-01-01
Health,health,8. Essential  supplies,essential_supplies,8.6 Provision of essential supplies [Interagency Emergency Health Kit (IEHK)],provision-of-essential-supplies-interagency-emergency-health-kit-iehk,,,# of kits distributed,number-of-kits-distributed,2023-01-01,2025-01-01
Health,health,8. Essential  supplies,essential_supplies,8.7 Provision of essential supplies [NCD Kits],provision-of-essential-supplies-ncd-kits,,,# of kits distributed,number-of-kits-distributed,2023-01-01,2025-01-01
Health,health,8. Essential  supplies,essential_supplies,8.8 Provision of essential supplies [Pneumonia Kit],provision-of-essential-supplies-pneumonia-kit,,,# of kits distributed,number-of-kits-distributed,2023-01-01,2025-01-01
Health,health,8. Essential  supplies,essential_supplies,8.10 Provision of essential supplies [Trauma and Emergency Surgery Kit  (TESK)],provision-of-essential-supplies-trauma-and-emergency-surgery-kit-tesk,,,# of kits distributed,number-of-kits-distributed,2023-01-01,2025-01-01
Health,health,8. Essential  supplies,essential_supplies,8.11 Provision of essential supplies [Other Kit],provision-of-essential-supplies-other-kit,,,# of kits distributed,number-of-kits-distributed,2023-01-01,2025-01-01
Health,health,9. Health promotion & risk communication,health_promotion_risk_communication,9.2 Health education & awareness at community,health-education-awareness-at-community,,,# of people attended health education/awareness sessions ,number-of-people-attended-health-educationawareness-sessions-,2023-01-01,2025-01-01
Health,health,9. Health promotion & risk communication,health_promotion_risk_communication,9.1 Health education & awareness at health facility,health-education-awareness-at-health-facility,,,# of people attended health education/awareness sessions ,number-of-people-attended-health-educationawareness-sessions-,2023-01-01,2025-01-01
Nutrition,nutrition,Acute Malnutrition,acute_malnutrition,AM treatment of PLW in OPD,am_treatment_of_plw_in_opd,,,Number of pregnant and lactating women with AM who are admitted for treatment,number_of_pregnant_and_lactating_women_with_am_who_are_admitted_for_treatment,2023-01-01,2025-01-01
Nutrition,nutrition,Infant and Young Child Feeding,infant-and-young-child-feeding,BSFP in PLW,bsfp-in-plw,,,Number of PLW provided with specialized nutritious foods,number-of-plw-provided-with-specialized-nutritious-foods,2023-01-01,2025-01-01
Nutrition,nutrition,Infant and Young Child Feeding,infant-and-young-child-feeding,Integrated package in prioritized provinces,integrated-package-in-prioritized-provinces,,,Number of households with malnourished children or PLW reached with the integrated packge for improved nutrition outcomes,number-of-households-with-malnourished-children-or-plw-reached-with-the-integrated-packge-for-improved-nutrition-outcomes,2023-01-01,2025-01-01
Nutrition,nutrition,Infant and Young Child Feeding,infant-and-young-child-feeding,BSFP in children 6-59 months,bsfp-in-children-6-59-months,,,Number of girls and boys aged 6-59 months provided with specialized nutritious foods,number-of-girls-and-boys-aged-6-59-months-provided-with-specialized-nutritious-foods,2023-01-01,2025-01-01
Nutrition,nutrition,Infant and Young Child Feeding,infant-and-young-child-feeding,MIYCN counselling,miycn-counselling,,,"Number of primary caregivers of children aged 0-23 months who received Maternal, Infant and Young Child Nutrition counselling",number-of-primary-caregivers-of-children-aged-0-23-months-who-received-maternal-infant-and-young-child-nutrition-counselling,2023-01-01,2025-01-01
Nutrition,nutrition,Prevention and Control of Micronutrients Deficiencies,prevention-and-control-of-micronutrients-deficiencies,Vitamin A supplementation in children 6-59 months,vitamin-a-supplementation-in-children-6-59-months,,,Number of girls and boys aged 6-59 months who received vitamin A supplement,number-of-girls-and-boys-aged-6-59-months-who-received-vitamin-a-supplement,2023-01-01,2025-01-01
Nutrition,nutrition,Prevention and Management of Acute Malnutrition,prevention-and-management-of-acute-malnutrition,Community based sentinel sites,community-based-sentinel-sites,,,Number of functional community-based sentinel sites,number-of-functional-community-based-sentinel-sites,2023-01-01,2025-01-01
Nutrition,nutrition,Prevention and Management of Acute Malnutrition,prevention-and-management-of-acute-malnutrition,Coordination,coordination,,,Number of functionnal cluster coordination teams at national and subnational levels,number-of-functionnal-cluster-coordination-teams-at-national-and-subnational-levels,2023-01-01,2025-01-01
Nutrition,nutrition,Prevention and Management of Acute Malnutrition,prevention-and-management-of-acute-malnutrition,SAM treatment of children 0-59 months in IPD,sam-treatment-of-children-0-59-months-in-ipd,,,Number of girls and boys aged 0-59 months with SAM who are admitted for treatment in IPD,number-of-girls-and-boys-aged-0-59-months-with-sam-who-are-admitted-for-treatment-in-ipd,2023-01-01,2025-01-01
Nutrition,nutrition,Prevention and Management of Acute Malnutrition,prevention-and-management-of-acute-malnutrition,MAM treatment of children 6-59 months in OPD,mam-treatment-of-children-6-59-months-in-opd,,,Number of girls and boys aged 6-59 months with MAM who are admitted for treatment,number-of-girls-and-boys-aged-6-59-months-with-mam-who-are-admitted-for-treatment,2023-01-01,2025-01-01
Nutrition,nutrition,Prevention and Management of Acute Malnutrition,prevention-and-management-of-acute-malnutrition,SAM treatment of children 6-59 months in OPD,sam-treatment-of-children-6-59-months-in-opd,,,Number of girls and boys aged 6-59 months with SAM who are admitted for treatment in OPD,number-of-girls-and-boys-aged-6-59-months-with-sam-who-are-admitted-for-treatment-in-opd,2023-01-01,2025-01-01
Nutrition,nutrition,Prevention and Management of Acute Malnutrition,prevention-and-management-of-acute-malnutrition,SMART surveys,smart-surveys,,,Number of provincial representative SMART surveys conducted,number-of-provincial-representative-smart-surveys-conducted,2023-01-01,2025-01-01
Protection,protection,CPiE,cpie,Unaccompanied and separated children,unaccompanied-and-separated-children,Provide interim family-based care or other suitable interim alternative care arrangements to Unaccompanied and Separated Children (UASC),provide-interim-family-based-care-or-other-suitable-interim-alternative-care-arrangements-to-unaccompanied-and-separated-children-uasc,# of Unaccompanied and Separated Children (UASC) provided with interim family-based care or other suitable interim alternative care arrangements,number-of-unaccompanied-and-separated-children-uasc-provided-with-interim-family-based-care-or-other-suitable-interim-alternative-care-arrangements,2023-01-01,2025-01-01
Protection,protection,CPiE,cpie,Case management,case-management,Provide economic reintegration assistance to children and youth who have suffered from grave child rights violations (including former CAAC and CoM ),provide-economic-reintegration-assistance-to-children-and-youth-who-have-suffered-from-grave-child-rights-violations-including-former-caac-and-com-,# of children and youth who have suffered from grave child rights violations (including former CAAC and CoM ) provided with economic reintegration assistance,number-of-children-and-youth-who-have-suffered-from-grave-child-rights-violations-including-former-caac-and-com-provided-with-economic-reintegration-assistance,2023-01-01,2025-01-01
Protection,protection,CPiE,cpie,Case management,case-management,Provide education reintegration assistance to children and youth who have suffered from grave child rights violations including former CAAC and CoM,provide-education-reintegration-assistance-to-children-and-youth-who-have-suffered-from-grave-child-rights-violations-including-former-caac-and-com-,# of children and youth who have suffered from grave child rights violations including former CAAC and CoM provided with education reintegration assistance,number-of-children-and-youth-who-have-suffered-from-grave-child-rights-violations-including-former-caac-and-com-provided-with-education-reintegration-assistance,2023-01-01,2025-01-01
Protection,protection,CPiE,cpie,Case management,case-management,Provide social reintegration and life skills assistance to children and youth who have suffered from grave child rights violations (including former CAAC and CoM),provide-social-reintegration-and-life-skills-assistance-to-children-and-youth-who-have-suffered-from-grave-child-rights-violations-including-former-caac-and-com,# of children and youth who have suffered from grave child rights violations (including former CAAC and CoM) provided with social reintegration and life skills assistance,number-of-children-and-youth-who-have-suffered-from-grave-child-rights-violations-including-former-caac-and-com-provided-with-social-reintegration-and-life-skills-assistance,2023-01-01,2025-01-01
Protection,protection,CPiE,cpie,Psychosocial distress and mental disorders,psychosocial-distress-and-mental-disorders,"Provide structured PSS (Child Friendly Spaces, adolescent friendly centers (Adolescent Social Hubs & Girls Friendly facilities) at homes and commuities",provide-structured-pss-child-friendly-spaces-adolescent-friendly-centers-adolescent-social-hubs-girls-friendly-facilities-at-homes-and-commuities,"# of children (boys and girls) provided with structured PSS (Child Friendly Spaces, adolescent friendly centers (Adolescent Social Hubs & Girls Friendly facilities) homes and commuities)",number-of-children-boys-and-girls-provided-with-structured-pss-child-friendly-spaces-adolescent-friendly-centers-adolescent-social-hubs-girls-friendly-facilities-homes-and-commuities,2023-01-01,2025-01-01
Protection,protection,CPiE,cpie,Case management,case-management,"Identify, register, refer children to access services and  follow up of case management services in line with the Afghanistan SOP for Case Management ( child labour, child marriage)",identify-register-refer-children-to-access-services-and-follow-up-of-case-management-services-in-line-with-the-afghanistan-sop-for-case-management-child-labour-child-marriage,"# of girls and boys at risk identified, registered, referred, facilitated to access services, and  follow up of case management services in line with the Afghanistan SOP for Case Management ( child labour, child marriage)",number-of-girls-and-boys-at-risk-identified-registered-referred-facilitated-to-access-services-and-follow-up-of-case-management-services-in-line-with-the-afghanistan-sop-for-case-management-child-labour-child-marriage,2023-01-01,2025-01-01
Protection,protection,CPiE,cpie,Case management,case-management,Provided cash as a component of the Case Management services,provided-cash-as-a-component-of-the-case-management-services,# of girls and boys provided with cash as a component of the Case Management services,number-of-girls-and-boys-provided-with-cash-as-a-component-of-the-case-management-services,2023-01-01,2025-01-01
Protection,protection,CPiE,cpie,Psychosocial distress and mental disorders,psychosocial-distress-and-mental-disorders,Referral to specialized services Mental Heath,referral-to-specialized-services-mental-heath,# of children (boys and girls) referred to specialized services Mental Heath,number-of-children-boys-and-girls-referred-to-specialized-services-mental-heath,2023-01-01,2025-01-01
Protection,protection,CPiE,cpie,Psychosocial distress and mental disorders,psychosocial-distress-and-mental-disorders,"Reach community members with messaging through mass media sessions (TV, radio, social media)",reach-community-members-with-messaging-through-mass-media-sessions-tv-radio-social-media,"# of community members reached with messaging through mass media sessions (TV, radio, social media)",number-of-community-members-reached-with-messaging-through-mass-media-sessions-tv-radio-social-media,2023-01-01,2025-01-01
Protection,protection,CPiE,cpie,Unaccompanied and separated children,unaccompanied-and-separated-children,Provide Family Tracing and Reunification (FTR) services to Unaccompanied and Separated Children (UASC),provide-family-tracing-and-reunification-ftr-services-to-unaccompanied-and-separated-children-uasc,# of Unaccompanied and Separated Children (UASC) provided with Family Tracing and Reunification (FTR) services,number-of-unaccompanied-and-separated-children-uasc-provided-with-family-tracing-and-reunification-ftr-services,2023-01-01,2025-01-01
Protection,protection,CPiE,cpie,Case management,case-management,Set up a Child Protection Information management System for registration and comprehensive case management services of at risk children,set_up_a_child_protection_information_management_system_for_registration_and_comprehensive_case_management_services_of_at_risk_children,"# of girls and boys at risk, (including unaccompanied and separated children, and  grave child rights violations ) registered in the CPIMS+ and received comprehensive  case management services",of_girls_and_boys_at_risk_including_unaccompanied_and_separated_children_and_grave_child_rights_violations_registered_in_the_cpims_and_received_comprehensive_case_management_services,2024-01-01,2025-01-01
Protection,protection,CPiE,cpie,"Awareness, Capacity Building & System Strengthening",awareness_capacity_building_and_system_strengthening,"Reach community members with messaging through mass media sessions (TV, radio, social media)",reach_community_members_with_messaging_through_mass_media_sessions_tv_radio_social_media,"# of community members reached with messaging through mass media sessions (TV, radio, social media)",of_community_members_reached_with_messaging_through_mass_media_sessions_tv_radio_social_media,2024-01-01,2025-01-01
Protection,protection,CPiE,cpie,"Awareness, Capacity Building & System Strengthening",awareness_capacity_building_and_system_strengthening,Conduct training to humanitarian workers including social workers and community volunteers on CP Minimum standards and other specialized CP services,conduct_training_to_humanitarian_workers_including_social_workers_and_community_volunteers_on_cp_minimum_standards_and_other_specialized_cp_services,# of recruited humanitarian workers including social workers   and community volunteers trained on CP Minimum standards and other specialized CP services,of_recruited_humanitarian_workers_including_social_workers_and_community_volunteers_trained_on_cp_minimum_standards_and_other_specialized_cp_services,2024-01-01,2025-01-01
Protection,protection,CPiE,cpie,"Awareness, Capacity Building & System Strengthening",awareness_capacity_building_and_system_strengthening,"Conduct capacity building training to child protection workers and staff from other sectors receiving on the norms and standards of child protection and to adopt new tools and working modalities, including PSS, Caring for Child Survivors (CS) of SGBV Case Management, PFA, (social worker, case worker, teachers, health workers, authorities, staff members)",conduct_capacity_building_training_to_child_protection_workers_and_staff_from_other_sectors_receiving_on_the_norms_and_standards_of_child_protection_and_to_adopt_new_tools_and_working_modalities_including_pss_caring_for_child_survivors_cs_of_sgbv_case_management_pfa_social_worker_case_worker_teachers_health_workers_authorities_staff_members,"# of child protection workers and staff from other sectors receiving capacity building training on the norms and standards of child protection and to adopt new tools and working modalities, including PSS, Caring for Child Survivors (CS) of SGBV Case Management, PFA, (social worker, case worker, teachers, health workers, authorities, staff members)",of_child_protection_workers_and_staff_from_other_sectors_receiving_capacity_building_training_on_the_norms_and_standards_of_child_protection_and_to_adopt_new_tools_and_working_modalities_including_pss_caring_for_child_survivors_cs_of_sgbv_case_management_pfa_social_worker_case_worker_teachers_health_workers_authorities_staff_members,2024-01-01,2025-01-01
Protection,protection,CPiE,cpie,Case management,case-management,Provide interim family-based care or other suitable interim alternative care arrangements to Unaccompanied and Separated Children UASC,provide_interim_family_based_care_or_other_suitable_interim_alternative_care_arrangements_to_unaccompanied_and_separated_children_uasc,# of Unaccompanied and Separated Children UASC provided with interim family-based care or other suitable interim alternative care arrangements,of_unaccompanied_and_separated_children_uasc_provided_with_interim_family_based_care_or_other_suitable_interim_alternative_care_arrangements,2023-01-01,2025-01-01
Protection,protection,CPiE,cpie,Case management,case-management,Provide Family Tracing and Reunification (FTR) services to Unaccompanied and Separated Children (UASC),provide_family_tracing_and_reunification_ftr_services_to_unaccompanied_and_separated_children_uasc,# of Unaccompanied and Separated Children UASC provided with interim family-based care or other suitable interim alternative care arrangements,of_unaccompanied_and_separated_children_uasc_provided_with_family_tracing_and_reunification_ftr_services,2023-01-01,2025-01-01
Protection,protection,CPiE,cpie,Case management,case-management,Set up a Child Protection Information management System for registration and comprehensive case management services of at risk children,set_up_a_child_protection_information_management_system_for_registration_and_comprehensive_case_management_services_of_at_risk_children,"# of girls and boys at risk, (including unaccompanied and separated children, and  grave child rights violations ) registered in the CPIMS+ and received comprehensive  case management services",of_girls_and_boys_at_risk_including_unaccompanied_and_separated_children_and_grave_child_rights_violations_registered_in_the_cpims_and_received_comprehensive_case_management_services,2023-01-01,2025-01-01
Protection,protection,CPiE,cpie,Mental Health and Psychosocial Support Services,mental_health_and_psychosocial_support_services,"Provide structured PSS (Child Friendly Spaces, adolescent friendly centers (Adolescent Social Hubs & Girls Friendly facilities) at homes and commuities",provide_structured_pss_child_friendly_spaces_adolescent_friendly_centers_adolescent_social_hubs_and_girls_friendly_facilities_at_homes_and_commuities,"# of children (boys and girls) provided with structured PSS (Child Friendly Spaces, adolescent friendly centers (Adolescent Social Hubs & Girls Friendly facilities) homes and commuities)",of_children_boys_and_girls_provided_with_structured_pss_child_friendly_spaces_adolescent_friendly_centers_adolescent_social_hubs_and_girls_friendly_facilities_homes_and_commuities,2024-01-01,2025-01-01
Protection,protection,CPiE,cpie,Mental Health and Psychosocial Support Services,mental_health_and_psychosocial_support_services,Referral to specialized services Mental Heath services,referral_to_specialized_services_mental_heath_services,# of children (boys and girls) referred to specialized services Mental Heath services,of_children_boys_and_girls_referred_to_specialized_services_mental_heath_services,2024-01-01,2025-01-01
Protection,protection,CPiE,cpie,Mental Health and Psychosocial Support Services,mental_health_and_psychosocial_support_services,Provide information on wellbeing messaging to support their children's psychosocial wellbeing,provide_information_on_wellbeing_messaging_to_support_their_childrens_psychosocial_wellbeing,# of parents and caregivers are provided with information on wellbeing messaging to support their children's psychosocial wellbeing,of_parents_and_caregivers_are_provided_with_information_on_wellbeing_messaging_to_support_their_childrens_psychosocial_wellbeing,2024-01-01,2025-01-01
Protection,protection,CPiE,cpie,Mental Health and Psychosocial Support Services,mental_health_and_psychosocial_support_services,Establish Child Friendly Centers (CFS) and adolescent friendly centers (Adolescent Social Hubs & Girls Friendly facilities) to provide Life Skills & new generations skills,establish_child_friendly_centers_cfs_and_adolescent_friendly_centers_adolescent_social_hubs_and_girls_friendly_facilities_to_provide_life_skills_and_new_generations_skills,"# of Child Friendly Spaces and Adults Friendly Spaces (Adolescent Social Hubs, Child friendly Spaces & Girls Friendly facilities) established to provide MHPSS, Life Skills & new generations skills",of_child_friendly_spaces_and_adults_friendly_spaces_adolescent_social_hubs_child_friendly_spaces_and_girls_friendly_facilities_established_to_provide_mhpss_life_skills_and_new_generations_skills,2024-01-01,2025-01-01
Protection,protection,GBV,gbv,Wellbeing support to women and girls,wellbeing_support_to_women_and_girls,,,# of women and girls reached with wellbeing support,of_women_and_girls_reached_with_wellbeing_support,2024-01-01,2025-01-01
Protection,protection,GBV,gbv,Awareness activities,awareness-activities,,,# of persons reached with awareness activities,of_persons_reached_with_awareness_activities,2024-01-01,2025-01-01
Protection,protection,GBV,gbv,Distribution of dignity kits to women and girls,distribution-of-dignity-kits-to-women-and-girls,,,# of Dignity Kits distributed to women and girls,of_dignity_kits_distributed_to_women_and_girls,2024-01-01,2025-01-01
Protection,protection,GBV,gbv,Provision of multi-sectoral activities,provision_of_multi_sectoral_activities,,,"% of vulnerable populations receiving multi-sectoral lifesaving services  (MHPSS, legal, safety, health & case management)",of_vulnerable_populations_receiving_multi_sectoral_lifesaving_services_mhpss_legal_safety_health_and_case_management,2024-01-01,2025-01-01
Protection,protection,GBV,gbv,"Capacity building of staff on core concepts, pocket guides and referrals",capacity_building_of_staff_on_core_concepts_pocket_guides_and_referrals,,,"# of staff trained on core concepts, referrals, case management",of_staff_trained_on_core_concepts_referrals_case_management,2024-01-01,2025-01-01
Protection,protection,GP,gp,General Protection,general-protection,Provision of Psycho-Social Support (PSS) Assistance and Referrals,provision-of-psycho-social-support-pss-assistance-and-referrals,# of people receiving structured and sustained psychosocial support services ,number-of-people-receiving-structured-and-sustained-psychosocial-support-services-,2023-01-01,2025-01-01
Protection,protection,GP,gp,General Protection,general-protection,"Provision of Individual Protection Assistance (IPA) to PSN in emergency cash or in-kind, and Cash for protection (aligned on MEB)",provision-of-individual-protection-assistance-ipa-to-psn-in-emergency-cash-or-in-kind-and-cash-for-protection-aligned-on-meb,"# of vulnerable women, men, boys, and girls, including IDPs, refugees, returnees, elderly, and people living with a disability receiving various direct protection assistance including cash and kinds.  and services excluding psychosocial support and referral ",number-of-vulnerable-women-men-boys-and-girls-including-idps-refugees-returnees-elderly-and-people-living-with-a-disability-receiving-various-direct-protection-assistance-including-cash-and-kinds-and-services-excluding-psychosocial-support-and-referral-,2023-01-01,2025-01-01
Protection,protection,GP,gp,General Protection,general-protection,Provision of Legal Counselling and Assistance including identity and support Civil documentation process,provision-of-legal-counselling-and-assistance-including-identity-and-support-civil-documentation-process,# of individuals receiving counselling and/or legal assistance on / and supported with civil documentation ,number-of-individuals-receiving-counselling-andor-legal-assistance-on-and-supported-with-civil-documentation-,2023-01-01,2025-01-01
Protection,protection,GP,gp,General Protection,general-protection,"Conduct Protection monitoring, Border Monitoring,  Community-Based Protection activities, and awareness raising",conduct-protection-monitoring-border-monitoring-community-based-protection-activities-and-awareness-raising,# people covered with a protection response through community-based protection activities including awareness raising and protection monitoring,number-people-covered-with-a-protection-response-through-community-based-protection-activities-including-awareness-raising-and-protection-monitoring,2023-01-01,2025-01-01
Protection,protection,GP,gp,General Protection,general-protection,"Conduct capacity building of partners, civil society, and other stakeholders",conduct-capacity-building-of-partners-civil-society-and-other-stakeholders,# people including civil society and partners receiving training and/or technical support,number-people-including-civil-society-and-partners-receiving-training-andor-technical-support,2023-01-01,2025-01-01
Protection,protection,GP,gp,General Protection,general-protection,Support Protection mainstreaming,support-protection-mainstreaming,# staff trained on protection mainstreaming,number-staff-trained-on-protection-mainstreaming,2023-01-01,2025-01-01
Protection,protection,GP,gp,General Protection,general-protection,Sensitization sessions for local authorities,sensitization-sessions-for-local-authorities,# of staff in local authorities are sensitized,number-of-staff-in-local-authorities-are-sensitized-andor-trained-,2023-01-01,2025-01-01
Protection,protection,GP,gp,General Protection,general-protection,Conduct advocacy activities including dissemination of key messages on protection concerns,conduct_advocacy_activities_including_dissemination_of_key_messages_on_protection_concerns,# duty bearers including donors reached through advocacy initiatives,duty_bearers_including_donors_reached_through_advocacy_initiatives,2024-01-01,2025-01-01
Protection,protection,GP,gp,General Protection,general-protection,Development of Data Protection and Information Sharing Protocol,development_of_data_protection_and_information_sharing_protocol,% of partners are using the DPISP,of_partners_are_using_the_dpisp,2024-01-01,2025-01-01
Protection,protection,GP,gp,General Protection,general-protection,Establish an advocacy red flag system for issues to be brought to the HCT,establish_an_advocacy_red_flag_system_for_issues_to_be_brought_to_the_hct,#  of HCT meetings where protection concerns are acknowledged and discussed,of_hct_meetings_where_protection_concerns_are_acknowledged_and_discussed,2024-01-01,2025-01-01
Protection,protection,GP,gp,General Protection,general-protection,Develop standard protection terminology into local languages for system-wide use by all partners,develop_standard_protection_terminology_into_local_languages_for_system_wide_use_by_all_partners,% of partner using agreed terminology in interaction with authorities/communities,of_partner_using_agreed_terminology_in_interaction_with_authoritiescommunities,2024-01-01,2025-01-01
Protection,protection,HLP,hlp,Access to Land,access-to-land,Information on HLP rights,information-on-hlp-rights,# of individuals receiving information on HLP rights in the community and at border points,number-of-individuals-receiving-information-on-hlp-rights-in-the-community-and-at-border-points,2023-01-01,2025-01-01
Protection,protection,HLP,hlp,Access to Land,access-to-land,"Training and/or technical support for duty bearers, humanitarian and other actors on HLP rights",training-andor-technical-support-for-duty-bearers-humanitarian-and-other-actors-on-hlp-rights,"# of duty bearers, humanitarian and other actors receiving training and/or technical support on HLP rights",number-of-duty-bearers-humanitarian-and-other-actors-receiving-training-andor-technical-support-on-hlp-rights,2023-01-01,2025-01-01
Protection,protection,HLP,hlp,Access to Land,access-to-land,Counselling on HLP rights,counselling-on-hlp-rights,# of individuals receiving counselling and/or legal assistance on HLP rights,number-of-individuals-receiving-counselling-andor-legal-assistance-on-hlp-rights,2023-01-01,2025-01-01
Protection,protection,HLP,hlp,Access to Land,access-to-land,Land allocation,land-allocation,# of individual recipients of land allocation,number-of-individual-recipients-of-land-allocation,2023-01-01,2025-01-01
Protection,protection,HLP,hlp,Access to Land,access-to-land,Legal assistance on HLP rights,legal-assistance-on-hlp-rights,# of individuals receiving counselling and/or legal assistance on HLP rights,number-of-individuals-receiving-counselling-andor-legal-assistance-on-hlp-rights,2023-01-01,2025-01-01
Protection,protection,HLP,hlp,Access to Land,access-to-land,Communal land rights,communal-land-rights,# of individuals with strengthened communal land rights,number-of-individuals-with-strengthened-communal-land-rights,2023-01-01,2025-01-01
Protection,protection,MA,ma,Clearance of Mines and other Explosive Remnants of War (ERW),clearance-of-mines-and-other-explosive-remnants-of-war-erw,Explosive Ordnance Disposal (EOD) & Survey,explosive-ordnance-disposal-eod-survey,# of conflict-affected people benefitting from Explosive Ordnance Disposal and survey activities,number-of-conflict-affected-people-benefitting-from-explosive-ordnance-disposal-and-survey-activities,2023-01-01,2025-01-01
Protection,protection,MA,ma,Clearance of Mines and other Explosive Remnants of War (ERW),clearance-of-mines-and-other-explosive-remnants-of-war-erw,Explosive hazard clearance (People benefitting),explosive-hazard-clearance-people-benefitting,# of people living within one kilometre of a known explosive hazard benefitting from the removal of those explosive hazards,number-of-people-living-within-one-kilometre-of-a-known-explosive-hazard-benefitting-from-the-removal-of-those-explosive-hazards,2023-01-01,2025-01-01
Protection,protection,MA,ma,Clearance of Mines and other Explosive Remnants of War (ERW),clearance-of-mines-and-other-explosive-remnants-of-war-erw,Explosive Ordnance Risk Education (EORE),explosive-ordnance-risk-education-eore,# of vulnerable people receiving EORE,number-of-vulnerable-people-receiving-eore,2023-01-01,2025-01-01
Protection,protection,MA,ma,Victim Assistance,victim-assistance,Victim Assistance,victim-assistance,# of persons with disabilities supported with victim assistance activities,number-of-persons-with-disabilities-supported-with-victim-assistance-activities,2023-01-01,2025-01-01
WASH,wash,Capacity Building,capacity-building,Training HCFs staff on WASH O&M including disinfection,training-hcfs-staff-on-wash-om-including-disinfection,,,# of CFs staff trainings on WASH O&M including disinfection ,id_# of CFs staff trainings on WASH O&M including disinfection ,2023-01-01,2025-01-01
WASH,wash,Capacity Building,capacity-building,Training school staff on WASH O&M including disinfection,training-school-staff-on-wash-om-including-disinfection,,,# of school staff training on WASH O&M including disinfection,id_# of school staff training on WASH O&M including disinfection,2023-01-01,2025-01-01
WASH,wash,Capacity Building,capacity-building,Training water user committees,training-water-user-committees,,,# of  water user committees trainings,id_# of  water user committees trainings,2023-01-01,2025-01-01
WASH,wash,Hygiene Activities,hygiene,Hygiene promotion in schools,hygiene-promotion-in-schools,,,# of individuals reached with hygiene promotion messaging,id_# of individuals reached with hygiene promotion messaging,2023-01-01,2025-01-01
WASH,wash,Hygiene Activities,hygiene,Hygiene promotion in HCF,hygiene-promotion-in-hcf,,,# of individuals reached with hygiene promotion messaging,id_# of individuals reached with hygiene promotion messaging,2023-01-01,2025-01-01
WASH,wash,Hygiene Activities,hygiene,Mass communication HP campaigns,mass-communication-hp-campaigns,,,# of individuals reached with hygiene promotion messaging,id_# of individuals reached with hygiene promotion messaging,2023-01-01,2025-01-01
WASH,wash,Hygiene Activities,hygiene,IEC material distribution,iec-material-distribution,,,# of individuals reached with hygiene promotion messaging,id_# of individuals reached with hygiene promotion messaging,2023-01-01,2025-01-01
WASH,wash,Hygiene Activities,hygiene,Hygiene promotion sessions,hygiene_promotion_sessions,,,# of individuals reached with hygiene promotion messaging,of_individuals_reached_with_hygiene_promotion_messaging,2024-01-01,2025-01-01
WASH,wash,Sanitation Activities,sanitation,Construct handwashing facilities in HCF,construct-handwashing-facilities-in-hcf,,,# of NF and HF with basic WASH package implemented.,id_# of NF and HF with basic WASH package implemented.,2023-01-01,2025-01-01
WASH,wash,Sanitation Activities,sanitation,Desludge communal/institutional latrines,desludge-communalinstitutional-latrines,,,# of Individual having access to basic sanitation facilities having incorporated vector control measures to prevent AWD and other outbreaks,id_# of Individual having access to basic sanitation facilities having incorporated vector control measures to prevent AWD and other outbreaks,2023-01-01,2025-01-01
WASH,wash,Sanitation Activities,sanitation,Conduct clean up campaigns in emergency,conduct-clean-up-campaigns-in-emergency,,,# of Individual having access to basic sanitation facilities having incorporated vector control measures to prevent AWD and other outbreaks,id_# of Individual having access to basic sanitation facilities having incorporated vector control measures to prevent AWD and other outbreaks,2023-01-01,2025-01-01
WASH,wash,Sanitation Activities,sanitation,Construct handwashing facilities in public spaces,construct-handwashing-facilities-in-public-spaces,,,# of Individual having access to emergency sanitation facilities.,id_# of Individual having access to emergency sanitation facilities.,2023-01-01,2025-01-01
WASH,wash,Sanitation Activities,sanitation,Construct handwashing facilities in schools,construct-handwashing-facilities-in-schools,,,# of students/pupils benefitting from basic WASH package in Schools and Learning Centres,id_# of students/pupils benefitting from basic WASH package in Schools and Learning Centres,2023-01-01,2025-01-01
WASH,wash,Sanitation Activities,sanitation,Rehabilitate communal latrines with hadwashing facilities,rehabilitate-communal-latrines-with-hadwashing-facilities,,,# of Individual having access to emergency sanitation facilities.,id_# of Individual having access to emergency sanitation facilities.,2023-01-01,2025-01-01
WASH,wash,Sanitation Activities,sanitation,Construct latrines with hadwashing facilities in schools,construct-latrines-with-hadwashing-facilities-in-schools,,,# of students/pupils benefitting from basic WASH package in Schools and Learning Centres,id_# of students/pupils benefitting from basic WASH package in Schools and Learning Centres,2023-01-01,2025-01-01
WASH,wash,Sanitation Activities,sanitation,Construct latrines with handwashing facilities in HCF,construct-latrines-with-hadwashing-facilities-in-hcf,,,# of NF and HF with basic WASH package implemented.,id_# of NF and HF with basic WASH package implemented.,2023-01-01,2025-01-01
WASH,wash,Sanitation Activities,sanitation,Rehabilitate latrines with hadwashing facilities in HCF,rehabilitate-latrines-with-hadwashing-facilities-in-hcf,,,# of NF and HF with basic WASH package implemented.,id_# of NF and HF with basic WASH package implemented.,2023-01-01,2025-01-01
WASH,wash,Sanitation Activities,sanitation,Construct Bathing / Washing Facilities ,construct-bathing-washing-facilities-,,,# of Individual having access to emergency sanitation facilities.,id_# of Individual having access to emergency sanitation facilities.,2023-01-01,2025-01-01
WASH,wash,Sanitation Activities,sanitation,Rehabilitate  Bathing / Washing Facilities,rehabilitate-bathing-washing-facilities,,,# of Individual having access to emergency sanitation facilities.,id_# of Individual having access to emergency sanitation facilities.,2023-01-01,2025-01-01
WASH,wash,Sanitation Activities,sanitation,Solid Waste Management in community,solid-waste-management-in-community,,,# of Individual having access to basic sanitation facilities having incorporated vector control measures to prevent AWD and other outbreaks,id_# of Individual having access to basic sanitation facilities having incorporated vector control measures to prevent AWD and other outbreaks,2023-01-01,2025-01-01
WASH,wash,Sanitation Activities,sanitation,Solid Waste Management in Schools,solid-waste-management-in-schools,,,# of Individual having access to basic sanitation facilities having incorporated vector control measures to prevent AWD and other outbreaks,id_# of Individual having access to basic sanitation facilities having incorporated vector control measures to prevent AWD and other outbreaks,2023-01-01,2025-01-01
WASH,wash,Sanitation Activities,sanitation,Vector Control Awareness Campaign,vector-control-awareness-campaign,,,# of Individual having access to basic sanitation facilities having incorporated vector control measures to prevent AWD and other outbreaks,id_# of Individual having access to basic sanitation facilities having incorporated vector control measures to prevent AWD and other outbreaks,2023-01-01,2025-01-01
WASH,wash,Sanitation Activities,sanitation,Construct communal latrines with hadwashing facilities,construct-communal-latrines-with-hadwashing-facilities,,,# of Individual having access to emergency gender and disability-sensitive sanitation facilities,of_individual_having_access_to_emergency_gender_and_disability_sensitive_sanitation_facilities,2023-01-01,2025-01-01
WASH,wash,Sanitation Activities,sanitation,Construct handwashing facilities in HH,construct-handwashing-facilities-in-hh,,,# of Individual having access to emergency gender and disability-sensitive sanitation facilities,of_individual_having_access_to_emergency_gender_and_disability_sensitive_sanitation_facilities,2024-01-01,2025-01-01
WASH,wash,Sanitation Activities,sanitation,Construct HH latrines with handwashing facilities,construct-hh-latrines-with-handwashing-facilities,,,# of Individual having access to emergency gender and disability-sensitive sanitation facilities,of_individual_having_access_to_emergency_gender_and_disability_sensitive_sanitation_facilities,2024-01-01,2025-01-01
WASH,wash,Sanitation Activities,sanitation,Rehabilitate HH latrines with handwashing facilities,rehabilitate-hh-latrines-with-handwashing-facilities,,,# of Individual having access to emergency gender and disability-sensitive sanitation facilities,of_individual_having_access_to_emergency_gender_and_disability_sensitive_sanitation_facilities,2024-01-01,2025-01-01
WASH,wash,Sanitation Activities,sanitation,Solid Waste Management in HCF,solid-waste-management-in-hcf,,,# of nutrition and health facilities with basic WASH package implemented,of_nutrition_and_health_facilities_with_basic_wash_package_implemented,2024-01-01,2025-01-01
WASH,wash,Sanitation Activities,sanitation,Provision of incinerator in HCF,provision-of-incinerator-in-hcf,,,# of nutrition and health facilities with basic WASH package implemented.,of_nutrition_and_health_facilities_with_basic_wash_package_implemented,2024-01-01,2025-01-01
WASH,wash,WASH Assessment,assessment,KAP Survey,kap-survey,,,# of KAP Survey,id_# of KAP Survey,2023-01-01,2025-01-01
WASH,wash,WASH Consultations,wash-consultations,Consultation on WASH for PWD,consultation-on-wash-for-pwd,,,# of persons with disabilities having access to WASH facilities and services where they feel safe and dignified after consultation,id_# of persons with disabilities having access to WASH facilities and services where they feel safe and dignified after consultation,2023-01-01,2025-01-01
WASH,wash,WASH Consultations,wash-consultations,Consultation on WASH GBV Risks,consultation-on-wash-gbv-risks,,,"# of women, girls and  having access to WASH facilities and services where they feel safe and dignified after consultation","id_# of women, girls and  having access to WASH facilities and services where they feel safe and dignified after consultation",2023-01-01,2025-01-01
WASH,wash,WASH Evaluation,evaluation,PDM Survey,pdm-survey,,,# of PDM Survey,id_# of PDM Survey,2023-01-01,2025-01-01
WASH,wash,WASH Supplies,wash_supplies,Assistance through Cash/voucher distribution for wash supplies,assistance-through-cashvoucher-distribution-for-wash-supplies,,,# of individuals receiving WASH NFIs assistance through all modalities without double counting,id_# of individuals receivingWASH NFIs assistance through all modalities without double counting,2023-01-01,2025-01-01
WASH,wash,WASH Supplies,wash_supplies,# SAM/MAM children received WASH package/kit at household level,number-sammam-children-received-wash-packagekit-at-household-level,,,# of SAM children U5 receiving WASH assistance at household level  to support during their treatment,id_# of SAM children U5 receiving WASH assistance at household level  to support during their treatment,2023-01-01,2025-01-01
WASH,wash,WASH Supplies,wash_supplies,"Water Treatment  (Aquatab, Chlorination, PUR sachets etc. ) Distribution",water-treatment-aquatab-chlorination-pur-sachets-etc-distribution,,,# of individuals receivingWASH NFIs assistance through all modalities without double counting.,id_# of individuals receivingWASH NFIs assistance through all modalities without double counting.,2023-01-01,2025-01-01
WASH,wash,WASH Supplies,wash_supplies,# Pregnant and Lactating women (PLW) received WASH package/kit at household level,number-pregnant-and-lactating-women-plw-received-wash-packagekit-at-household-level,,,# of Pregnant and Lactating women (PLW) linked with reported children U5 with SAM cases at HH level are supported with WASH assistance,id_# of Pregnant and Lactating women (PLW) linked with reported children U5 with SAM cases at HH level are supported with WASH assistance,2023-01-01,2025-01-01
WASH,wash,WASH Supplies,wash_supplies,Family Hygiene Kits Distribution,family-hygiene-kits-distribution,,,# of individuals receivingWASH NFIs assistance through all modalities without double counting.,id_# of individuals receivingWASH NFIs assistance through all modalities without double counting.,2023-01-01,2025-01-01
WASH,wash,WASH Supplies,wash_supplies,Family Water Kit Distribution,family-water-kit-distribution,,,# of individuals receivingWASH NFIs assistance through all modalities without double counting.,id_# of individuals receivingWASH NFIs assistance through all modalities without double counting.,2023-01-01,2025-01-01
WASH,wash,WASH Supplies,wash_supplies,Family Hygiene Consumables Kits Distribution,family-hygiene-consumables-kits-distribution,,,# of individuals receivingWASH NFIs assistance through all modalities without double counting.,id_# of individuals receivingWASH NFIs assistance through all modalities without double counting.,2023-01-01,2025-01-01
WASH,wash,WASH Supplies,wash_supplies,Soap distribution,soap-distribution,,,# of individuals receivingWASH NFIs assistance through all modalities without double counting.,id_# of individuals receivingWASH NFIs assistance through all modalities without double counting.,2023-01-01,2025-01-01
WASH,wash,WASH Supplies,wash_supplies,Dignity kits distribution (MHM),dignity-kits-distribution-mhm,,,# of individuals receivingWASH NFIs assistance through all modalities without double counting.,id_# of individuals receivingWASH NFIs assistance through all modalities without double counting.,2023-01-01,2025-01-01
WASH,wash,Water Activities,water,"Water Filtration ( Bio-sand, Filters etc. )",water-filtration-bio-sand-filters-etc-,,,# of individuals accessing  sufficient quantity of water,id_# of individuals accessing  sufficient quantity of water,2023-01-01,2025-01-01
WASH,wash,Water Activities,water,Water System chlorination,water-system-chlorination,,,# of individuals accessing  sufficient quantity of water,id_# of individuals accessing  sufficient quantity of water,2023-01-01,2025-01-01
WASH,wash,Water Activities,water,Water Quality Testing,water-quality-testing,,,# of individuals accessing  sufficient quantity of water,id_# of individuals accessing  sufficient quantity of water,2023-01-01,2025-01-01
WASH,wash,Water Activities,water,Fuel provision for water systems,fuel-provision-for-water-systems,,,# of individuals accessing  sufficient quantity of water,id_# of individuals accessing  sufficient quantity of water,2023-01-01,2025-01-01
WASH,wash,Water Activities,water,Water systems spare parts provision,water-systems-spare-parts-provision,,,# of individuals accessing  sufficient quantity of water,id_# of individuals accessing  sufficient quantity of water,2023-01-01,2025-01-01
WASH,wash,Water Activities,water,Water supply in schools,water-supply-in-schools,,,# of students/pupils benefitting from basic WASH package in Schools and Learning Centres,id_# of students/pupils benefitting from basic WASH package in Schools and Learning Centres,2023-01-01,2025-01-01
WASH,wash,Water Activities,water,Water Supply in HCF,water-supply-in-hcf,,,# of NF and HF with basic WASH package implemented.,id_# of NF and HF with basic WASH package implemented.,2023-01-01,2025-01-01
WASH,wash,Water Activities,water,Drill new borehole with Hand Pump,drill-new-borehole-with-hand-pump,,,"# of individuals accessing  sufficient quantity of safe water for drinking,cooking and personal hygiene",of_individuals_accessing_sufficient_quantity_of_safe_water_for_drinkingcooking_and_personal_hygiene,2024-01-01,2025-01-01
WASH,wash,Water Activities,water,Rehabilitate borehole with Hand Pump,rehabilitate-borehole-with-hand-pump,,,"# of individuals accessing  sufficient quantity of safe water for drinking,cooking and personal hygiene.",of_individuals_accessing_sufficient_quantity_of_safe_water_for_drinkingcooking_and_personal_hygiene,2024-01-01,2025-01-01
WASH,wash,Water Activities,water,Construct new dug wells with Hand Pump,construct-new-dug-wells-with-hand-pump,,,"# of individuals accessing  sufficient quantity of safe water for drinking,cooking and personal hygiene.",of_individuals_accessing_sufficient_quantity_of_safe_water_for_drinkingcooking_and_personal_hygiene,2024-01-01,2025-01-01
WASH,wash,Water Activities,water,Rehabilitate dug wells with Hand Pump,rehabilitate-dug-wells-with-hand-pump,,,"# of individuals accessing  sufficient quantity of safe water for drinking,cooking and personal hygiene",of_individuals_accessing_sufficient_quantity_of_safe_water_for_drinkingcooking_and_personal_hygiene,2024-01-01,2025-01-01
WASH,wash,Water Activities,water,Construct deep boreholes with solar powered piped system,construct_deep_boreholes_with_solar_powered_piped_system,,,"# of individuals accessing  sufficient quantity of safe water for drinking,cooking and personal hygiene",of_individuals_accessing_sufficient_quantity_of_safe_water_for_drinkingcooking_and_personal_hygiene,2024-01-01,2025-01-01
WASH,wash,Water Activities,water,Rehabilitate deep boreholes with solar powered piped system,rehabilitate_deep_boreholes_with_solar_powered_piped_system,,,"# of individuals accessing  sufficient quantity of safe water for drinking,cooking and personal hygiene",of_individuals_accessing_sufficient_quantity_of_safe_water_for_drinkingcooking_and_personal_hygiene,2024-01-01,2025-01-01
WASH,wash,Water Activities,water,Construct deep boreholes with any other type of pumps,construct_deep_boreholes_with_any_other_type_of_pumps,,,"# of individuals accessing  sufficient quantity of safe water for drinking,cooking and personal hygiene",of_individuals_accessing_sufficient_quantity_of_safe_water_for_drinkingcooking_and_personal_hygiene,2024-01-01,2025-01-01
WASH,wash,Water Activities,water,Rehabilitate deep boreholes with any other type of pumps,rehabilitate_deep_boreholes_with_any_other_type_of_pumps,,,"# of individuals accessing  sufficient quantity of safe water for drinking,cooking and personal hygiene",of_individuals_accessing_sufficient_quantity_of_safe_water_for_drinkingcooking_and_personal_hygiene,2024-01-01,2025-01-01
WASH,wash,Water Activities,water,Construct Gravity-fed/spring piped system,construct_gravity_fedspring_piped_system,,,"# of individuals accessing  sufficient quantity of safe water for drinking,cooking and personal hygiene",of_individuals_accessing_sufficient_quantity_of_safe_water_for_drinkingcooking_and_personal_hygiene,2024-01-01,2025-01-01
WASH,wash,Water Activities,water,Rehabilitate Gravity-fed/spring piped system,rehabilitate_gravity_fedspring_piped_system,,,"# of individuals accessing  sufficient quantity of safe water for drinking,cooking and personal hygiene",of_individuals_accessing_sufficient_quantity_of_safe_water_for_drinkingcooking_and_personal_hygiene,2024-01-01,2025-01-01
WASH,wash,Water Activities,water,Construct water reservoirs for conservation of rainwater,construct_water_reservoirs_for_conservation_of_rainwater,,,"# of individuals accessing  sufficient quantity of safe water for drinking,cooking and personal hygiene",of_individuals_accessing_sufficient_quantity_of_safe_water_for_drinkingcooking_and_personal_hygiene,2024-01-01,2025-01-01
WASH,wash,Water Activities,water,Rehabilitate water reservoirs for conservation of rainwater,rehabilitate_water_reservoirs_for_conservation_of_rainwater,,,"# of individuals accessing  sufficient quantity of safe water for drinking,cooking and personal hygiene",of_individuals_accessing_sufficient_quantity_of_safe_water_for_drinkingcooking_and_personal_hygiene,2024-01-01,2025-01-01
WASH,wash,Water Activities,water,Extension from Existing Piped System,extension_from_existing_piped_system,,,"# of individuals accessing  sufficient quantity of safe water for drinking,cooking and personal hygiene",of_individuals_accessing_sufficient_quantity_of_safe_water_for_drinkingcooking_and_personal_hygiene,2024-01-01,2025-01-01
WASH,wash,Water Activities,water,Water Tankering,water_tankering,,,"# of individuals accessing  sufficient quantity of safe water for drinking,cooking and personal hygiene",of_individuals_accessing_sufficient_quantity_of_safe_water_for_drinkingcooking_and_personal_hygiene,2024-01-01,2025-01-01
WASH,wash,Water Activities,water,Bulk water storage installation with tapstands,bulk_water_storage_installation_with_tapstands,,,"# of individuals accessing  sufficient quantity of safe water for drinking,cooking and personal hygiene",of_individuals_accessing_sufficient_quantity_of_safe_water_for_drinkingcooking_and_personal_hygiene,2024-01-01,2025-01-01
