activity_description_id,activity_description_name,activity_type_id,cluster_id
borehole,Borehole with Hand Pump - NEW / REHAB,water,wash
piped_water_network,Piped Water Network - New / REHAB,water,wash
rainwater_system,Rainwater Harvesting System - NEW / REHAB,water,wash
shallow_well,Shallow Well with Hand Pump - NEW / REHAB,water,wash
reverse_osmosis_system,Reverse Osmosis System - NEW / REHAB,water,wash
gravity_fed_water_system,Gravity-Fed Water System,water,wash
solar_pumping_system,Solar Pumping System,water,wash
piped_extension,Extension from Existing Piped System,water,wash
water_kiosk,Water Kiosk,water,wash
family_water_kit_distribution,Family Water Kit Distribution,water,wash
water_quality_testing,Water Quality Testing,water,wash
water_supply_community,Water Supply in Community,water,wash
water_supply_health_facility,Water Supply in Health Facility,water,wash
water_supply_school,Water Supply in School,water,wash
water_tank,Water Tank ( Storage Facility ) - NEW / REHAB,water,wash
water_tankering,Water Tankering,water,wash
education_water,Water Training & Capacity Building,water,wash
hand_dug_well,Hand Dug Well - NEW / REHAB,water,wash
water_treatment,Water Treatment,water,wash
community_participation,Community Participation,accountability,wash
conditional_restricted,Conditional - Restricted,cash_transfer_programming,wash
conditional_unrestricted,Conditional - Unrestricted,cash_transfer_programming,wash
construction_water_facilities,Construction of Water Facilities,water,wash
hygiene_kit_distribution,Hygiene Kit Distribution,hygiene,wash
hygiene_promotion,Hygiene Promotion,hygiene,wash
mhm_kit_distribution,MHM Kit Distribution,hygiene,wash
mhm_hygiene_promotion,MHM Hygiene Promotion,hygiene,wash
latrines,Latrines,sanitation,wash
operations_maintenance,Operations and Maintenance,water,wash
project_design_monitoring_evaluation,"Project Design, Monitoring and Evaluation",accountability,wash
rehabilitation_water_facilities,Rehabilitation of Water Facilities,water,wash
sanitation_committee,Sanitation Committee,sanitation,wash
showers,Showers,sanitation,wash
temporary_facilities_and_services,Temporary Facilities and Services,water,wash
transparency,Transparency,accountability,wash
two_way_communication_channels,Two Way Communication Channels,accountability,wash
unconditional_restricted,Unconditional - Restricted,cash_transfer_programming,wash
unconditional_unrestricted,Unconditional - Unrestricted,cash_transfer_programming,wash
waste_management,Waste Management,sanitation,wash
latrine_stalls_communal,Latrine Stalls - Communal NEW / REHAB,sanitation,wash
latrine_stalls_school,Latrine Stalls - School NEW / REHAB,sanitation,wash
latrine_stalls_household,Latrine Stalls - Household NEW / REHAB,sanitation,wash
latrine_stalls_health_facility,Latrine Stalls - Health Facility NEW / REHAB,sanitation,wash
latrine_stalls_decommissioned,Latrine Stalls - Decommissioned,sanitation,wash
latrine_stalls_desludged,Latrine Stalls - Desludged,sanitation,wash
latrine_cleaning_kit,Latrine Cleaning Kit,sanitation,wash
septic_tank,Septic Tank - NEW / REHAB,sanitation,wash
sewer_line,Sewer Line - NEW / REHAB,sanitation,wash
solid_waste_management,Solid Waste Management,sanitation,wash
education_vector_control_awareness,Vector Control Awareness Campaign,sanitation,wash
washing_facilities,Bathing / Washing Facilities - NEW / REHAB,sanitation,wash
education_hygiene_promotion_household_community,Hygiene Promotion - Household / Community,hygiene,wash
education_hygiene_promotion_school,Hygiene Promotion - School,hygiene,wash
hygiene_promotion_health_facilities,Hygiene Promotion - Health Facilities,hygiene,wash
hand_washing_facilities,Hand Washing Facilities - NEW / REHAB,hygiene,wash
family_hygiene_kits_distributed,Family Hygiene Kits Distributed,hygiene,wash
assessment_wash_school,WASH Assessment in School,assessment,wash
assessment_wash_health_facility,WASH Assessment in Health Facility,assessment,wash
assessment_wash_community,WASH Assessment in Community,assessment,wash
evaluation_baseline,Baseline Survey,evaluation,wash
evaluation_endline,Endline Survey,evaluation,wash
evaluation_pdm,PDM Survey,evaluation,wash
evaluation_crm,CRM Survey,evaluation,wash
evaluation_results_monitoring,Results Monitoring Survey,evaluation,wash
evaluation_fgd,FGD Survey,evaluation,wash
evaluation_kap,KAP Survey,evaluation,wash
evaluation_kii,KII Survey,evaluation,wash
drainage_provision,Provision of Drainage,sanitation,wash
evaluation_csi,CSI Survey,evaluation,wash
water_treatment,"Water Treatment  ( Aquatab, Chlorination, PUR sachets etc. )",water,wash
water_filtration,"Water Filtration ( Bio-sand, Filters etc. )",water,wash
disinfection_common_places_chlorine,Disinfection of Common Places with Chlorine,hygiene,wash
assistance_through_cash_distribution,Assistance through Cash distribution,cash_voucher,wash
assistance_through_voucher_distribution,Assistance through Voucher distribution,cash_voucher,wash
using_the_wash_gbv_checklist,Using the WASH GBV Checklist,wash_gbv_mitigation,wash
gbv_risk_discussion_with_female_before_assistance,GBV risk discussion with Female (Before Assistance),wash_gbv_mitigation,wash
covid-19_mitigation_measures_in_placed,COVID-19 Mitigation Measures in placed,accountability_quality_assurance,wash
equitable_access_to_wash_facilities_and_services,Equitable Access to WASH Facilities and Services,affected_population_accountability,wash
receipt_for_technical_quality_assurance_by_the_authorities,Receipt for technical quality assurance by the authorities,accountability_quality_assurance,wash
effective_mechanisms_for_representative_and_participatory_input,Effective Mechanisms for Representative and Participatory Input,affected_population_accountability,wash
equitable_access_to_wash_facilities_services,Equitable Access to WASH Facilities and Services,affected_population_accountability,wash
effective_mechanisms_for_input,Effective Mechanisms for Representative and Participatory Input,affected_population_accountability,wash
case_management_identification_cpie,Case Management identification & Documentation,cpie,protection
child_protection_referrals,Child Protection Referrals,cpie,protection
child_support_cccs,Children in Need of Protection Receiving Support from Community-Based Structures (CCCs),cpie,protection
child_support_community_health_worker,Provision of Individual Support to Children by Community or Health Worker,cpie,protection
usac_identification_documentation,UASC Identification and Documentation,cpie,protection
usac_family_reunification,UASC Family Reunification,cpie,protection
uasc_alternative_care_placement,UASC Alternative Care Placement,cpie,protection
positive_parenting_course,Positive Parenting Course Conducted,cpie,protection
education_emergencies_cpie,Education in Emergencies,cpie,protection
resilience_building_children,Resilience Building for Children Through 3 Psychosocial Well-Being Indicators,cpie,protection
non_food_items_vulnerable_children,Provision of Non-Food Items to Vulnerable Children,cpie,protection
child_child_approach_established,Child to Child Approach Established,cpie,protection
women_safe_spaces,Establishment / Maintenance of Women Safe Spaces,gbv,protection
training_gbv,Training / Capacity Building of GBV Response Service Providers,gbv,protection
community_based_awareness_cpie,Community Based Awareness Raising on Child Protection,cpie,protection
case_management_referral_cpie,Case Management & Referral,cpie,protection
psycho_social_provision,Provision of psychosocial support,cpie,protection
cpie_safe_space,Safe Space for Children,cpie,protection
provision_dignity_kit,Provision of Dignity Kits,gbv,protection
provision_package,"Provision of Survivor Centred Multi-Sectoral Services (Health, Legal, Material, PSS) ",gbv,protection
psycho_social_outreach,Psycho Social Responsive Outreach,gbv,protection
awareness_community_mobilization,Community Mobilization / Awareness,gbv,protection
establish_strengthen_gbv_referral_accesss_services,Establish / Strengthen GBV Referral for Access to Services,gbv,protection
health_facilities_rape_treatment_kits_commodities_supply,Health Facility Rape Treatment Kits / Other Commodities Supply,gbv,protection
psychosocial_support_provided_women_friendly_space,Psychosocial Support Provided in Women-Friendly Space,gbv,protection
provision_business_skills_training,Provision of Business Skills Training,gbv,protection
provision_Income_generating_activities,Provision of Income Generating Activities,gbv,protection
provision_material_support_gbv_survivors,Provision of Material Support to GBV Survivors,gbv,protection
provision_case_management,Provision of Case Management,gbv,protection
establishment_community_groups_gbv_mitigatation,Establishment of Community Groups Working to Mitigate GBV,gbv,protection
functional_multi_sectoral_services_gbv_survivors,Woreda/site has Functional Multi-Sectoral Services for GBV Survivors,gbv,protection
training_cpie,Training / Capacity Building,cpie,protection
functional_gbv_referral_pathway,Woreda/site has Functional GBV Referral Pathway,gbv,protection
protection_needs_assessment,Protection Needs Assessment,gp,protection
monitoring_documentation_ihl_violations,Monitoring and Documentation of IHL Violations,gp,protection
awareness_civil_documentation,Awareness Raising on Civil Documentation,gp,protection
provision_civil_documentation,Provision of Civil Documentation,gp,protection
counselling_technial_assistance_civil_documentation,Counselling / Technical Assistance Provided on Civil Documentation,gp,protection
elderly_and_disabled_identified_assistance_referral,Elderly & Persons Living with Disabilities Identified & Provided with Assistance / Referral,gp,protection
protection_psychosocial_support_provided,Psychosocial Support Provided,gp,protection
awareness_mass_media,Mass Media Advocacy / Information Provision,gp,protection
projection_analysis,Protection Analysis,gp,protection
access_civil_documentation,Access to Civil Documentation,gp,protection
community_based_protection,Community Based Protection,gp,protection
community_mobilization,Community Mobilization,gp,protection
community_based_protection_committees_established,Community-based Protection Committees Established,gp,protection
capacity_building_civil_documentation,Capacity Building on Civil Documentation,gp,protection
civil_documentation,Provision of Civil Documentation,hlp,protection
community_based_protection_committees_trained_referring_protection_cases,Community-based Protection Committees Trained & Referring Protection Cases,gp,protection
awareness_information,Provision of Information on HLP,hlp,protection
child_protection_supplies_and_emergency_kits,Child protection supplies and emergency kits,cpie,protection
social_economic_and_education_reintegration,"Social, economic and education reintegration",cpie,protection
case_management,Case Management,cpie,protection
children_in_conflict,Children in conflict,cpie,protection
"community_work,_advocacy_and_awareness","Community work, advocacy and awareness",cpie,protection
psychosocial_support_for_children,Psychosocial support for children,cpie,protection
case_management_and_referrals_for_at-risk_children,Case Management and Referrals for At-Risk Children,cpie,protection
psychosocial_support_for_children,Psychosocial Support for Children,cpie,protection
community-based_awareness_raising_on_child_protection,Community-Based Awareness Raising on Child Protection,cpie,protection
training_for_child_protection_specialists_on_child_protection_standards,Training for Child Protection Specialists on Child Protection Standards,cpie,protection
advocacy_and_response_to_child_recruitment,Advocacy and Response to Child Recruitment,cpie,protection
victim_assistance_for_children_in_conflict,Victim Assistance for Children in Conflict,cpie,protection
training_capacity_building,Training/ Capacity building,gbv,protection
livelihoods_and_recovery,Livelihoods and recovery,gbv,protection
integrated_case_management_services,Integrated case management services,gbv,protection
multi-sectoral_gbv_response_through_family_protection_centres_fpcs,Multi-sectoral GBV response through Family Protection Centres (FPCs),gbv,protection
gbv_assessment,GBV Assessment,gbv,protection
referrals_for_gbv_case_management,Referrals for GBV case management,gbv,protection
referrals_for_other_gbv_services,Referrals for other GBV services,gbv,protection
case_management_by_case_management_committees,Case management by case management committees,gbv,protection
placement_of_pss_counselors_in_health_facilities,Placement of PSS counselors in health facilities,gbv,protection
multi-sectoral_gbv_response_through_women_friendly_health_spaces_wfhss,Multi-sectoral GBV response through Women Friendly Health Spaces (WFHSs),gbv,protection
pss_services_by_counselors_in_health_facilities,PSS services by counselors in health facilities,gbv,protection
provision_of_pep_kits_to_health_facilities,Provision of PEP kits to health facilities,gbv,protection
formation_of_pss_outreach_teams,Formation of PSS outreach teams,gbv,protection
capacity_building_of_caregivers_on_gbv_services_including_pss,Capacity building of caregivers on GBV services including PSS,gbv,protection
pss_services_by_pss_outreach_teams,PSS services by PSS Outreach teams,gbv,protection
gbv_awareness_raising_through_community_dialogues,GBV awareness raising through community dialogues,gbv,protection
advocacy_on_gbv_upward_and_downstream,Advocacy on GBV (upward and downstream),gbv,protection
provision_of_dignity_kits,Provision of Dignity kits,gbv,protection
leadership_training_for_women_and_girls,Leadership training for women and girls,gbv,protection
gbv_services_to_gbv_survivors,GBV Services to GBV Survivors,gbv,protection
vocational_training_for_women_and_girls,Vocational training for women and girls,gbv,protection
establishment_of_women-friendly_health_spaces,Establishment of Women-Friendly Health Spaces,gbv,protection
gbv_and_pss_services_through_women-friendly_health_spaces,GBV and PSS Services Through Women-Friendly Health Spaces,gbv,protection
provision_of_dignity_kits_to_gbv_survivors,Provision of Dignity Kits to GBV Survivors,gbv,protection
referrals_for_gbv_case_management,Referrals for GBV Case Management,gbv,protection
psn_identification_assistance_and_referrals,"PSN Identification, assistance and Referrals",gp,protection
protection_monitoring_household_survey_or_community_level,Protection monitoring (household survey or community level),gp,protection
protection_monitoring_reports,Protection monitoring (Reports),gp,protection
community_based_protection,Community-Based Protection,gp,protection
psychosocial_support_pss,Psychosocial Support (PSS),gp,protection
cash_for_protection_outcomes_unrestricted,Cash for Protection outcomes (unrestricted),gp,protection
persons_with_specific_needs_psn_case_identification_and_referrals_to_specialized_services,Persons with Specific Needs (PSN) Case identification and referrals to specialized services,gp,protection
legal_counselling_or_legal_assistance_civil_and_identity_documentation,Legal counselling or legal assistance (civil and identity documentation),gp,protection
"individual_protection_assistance_ipa,_in-kind_or_cash_restricted","Individual Protection Assistance (IPA), in-kind or cash (restricted)",gp,protection
awareness_raising_and_dissemination_of_information,Awareness Raising and Dissemination of information,gp,protection
community-based_protection_projects,Community-based Protection projects,gp,protection
"capacity_building_training_on_protection_mainstreaming,_cbpm,_ihl,_drr,_advocacy_etc..","Capacity Building (training on protection mainstreaming, CBPM, IHL, DRR, advocacy etc..)",gp,protection
protection_sensitisation_and_advocacy,Protection Sensitisation and Advocacy,gp,protection
protection_negotiation_and_advocacy_for_re-opening_of_conflict-affected_schools,Protection Negotiation and Advocacy for Re-Opening of Conflict-Affected Schools,gp,protection
direct_or_referral_protection_assistance_for_people_with_specific_needs_or_heightened_vulnerability,Direct or Referral Protection Assistance for People with Specific Needs or Heightened Vulnerability,gp,protection
community-based_protection-related_activities,Community-Based Protection-Related Activities,gp,protection
post-arrival_assistance_to_returnees,Post-Arrival Assistance to Returnees,gp,protection
information_sharing_on_hlp_durable_solutions,"Information Sharing on HLP, Durable Solutions",hlp,protection
counselling_and_or_legal_assistance_on_hlp,Counselling and/or Legal Assistance on HLP,hlp,protection
information_counselling_and_legal_assistance,"Information, Counselling and Legal Assistance",hlp,protection
information_sharing_on_hlp_durable_solutions_legal_identity,"Information Sharing on HLP, Durable Solutions, Legal Identity",hlp,protection
capacity_building_of_duty-bearers_on_hlp,Capacity Building of Duty-Bearers on HLP,hlp,protection
counselling_and_or_legal_assistance_on_hlp_legal_identity,"Counselling and/or Legal Assistance on HLP, Legal Identity",hlp,protection
land_identification_allocation,Land Identification & Allocation,hlp,protection
capacity_building_of_duty-bearers_on_hlp_legal_identity,"Capacity Building of Duty-Bearers on HLP, legal identity",hlp,protection
provision_of_explosive_ordnance_risk_education_eore,Provision of Explosive Ordnance Risk Education (EORE),ma,protection
provision_of_explosive_ordnance_disposal_eod,Provision of Explosive Ordnance Disposal (EOD),ma,protection
explosive_hazard_clearance_people_benefitting,Explosive Hazard Clearance (People Benefitting),ma,protection
explosive_hazard_clearance_square_metres_cleared,Explosive Hazard Clearance (Square Metres Cleared),ma,protection
explosive_ordnance_risk_education_eore,Explosive Ordnance Risk Education (EORE),ma,protection
explosive_ordnance_disposal_eod_survey,Explosive Ordnance Disposal (EOD) & Survey,ma,protection
targeted_assistance_or_referral_of_persons_with_disabilities,Targeted Assistance or Referral of Persons with Disabilities,ma,protection
victims_assistance_provision,Provision of victims' assistance,cpie,protection
familiy_tracing_reunification_provision,Provision of family tracing & reunification services,cpie,protection
advocacy_response_child_recruitment,Advocacy & Response to the child recruitment,cpie,protection
assessment_protection,Protection Monitoring & Needs Assessments,gp,protection
training_public_sector_caregivers,Training / Capacity Building of Public Sector Caregivers,gbv,protection
community_sensitisation,Community Sensitization,gp,protection
protection_mainstreaming,"Coordination, Advocacy & Protection Mainstreaming",gp,protection
identification_families_specific_needs,"Identification, Referral, Support to Individuals and Families with Specific Needs",gp,protection
monitoring_documentation_protection_incidents,Monitoring and Documentation of Protection Incidents,gp,protection
cash_grant_transit_centres_refugee_returnees,Cash Grant and Transit Centres for Refugee Returnees,gp,protection
gp_referrals,Referral Services,gp,protection
post_arrival_assistance_undocumented_returnees,Post-arrival Assistance to Undocumented Returnees,gp,protection
awareness_advocacy_tenure,Security of Tenure Assistance Activities & Advocacy,hlp,protection
awareness_advocacy_settlement,Settlement Profiling for Durable Solutions,hlp,protection
dispute_resolution,HLP Disputes Resolution,hlp,protection
awareness_information_hpl,"Provision of information, legal assistance and counselling on HLP",hlp,protection
awareness_information_lcd,"Provision of information, legal assistance and counselling on LCD",hlp,protection
housing_property_damage_assessment,Conducting Housing and Property Damage Assessments,hlp,protection
ma_mine_awareness,Mine Awareness,ma,protection
ma_mine_surveys,Mine Surveys,ma,protection
education_mine_risk,Mine Risk Education ( MRE ),ma,protection
ma_demining,Demining / EOD including Hotline Response,ma,protection
protection_specialized_in_kind_returnees_assistance,Protection Specialized In-Kind Assistance to Returnees,gp,protection
ma_pwd_rights_awareness_provision,Provision of awareness on the rights of PwD,ma,protection
ma_pwd_assistance,Providing targeted assistance of PwDs,ma,protection
ma_referral_services,Referral Services,ma,protection
ma_explosive_hazards_surveys,Conduct explosive hazards area surveys,ma,protection
ma_awareness_ihl_provision,"Provide awareness of IHL to Government, AGEs and humanitarian actors",ma,protection
awareness_raising,Awareness Raising,gbv,protection
capacity_building,Capacity Building,gbv,protection
community_gbv_protection_mechanisms,Community GBV Protection Mechanisms,gbv,protection
data_information_management,Data & Information Management,gbv,protection
livelihood_empowerment,Livelihood and Empowerment,gbv,protection
material_support,Material Support,gbv,protection
safety_security,Safety and Security,gbv,protection
specialized_gbv_services,Specialized GBV Services,gbv,protection
children_6_59_screening,Children 6-59 Months Screenings,acute_malnutrition,nutrition
mam_0_59_admissions,MAM 0-59 Months Admissions,acute_malnutrition,nutrition
mam_6_59_screening,MAM 6-59 Months Screenings,acute_malnutrition,nutrition
mam_6_59_admissions,MAM 6-59 Months Admissions,acute_malnutrition,nutrition
mam_6_59_referrals,MAM 6-59 Months Referrals,acute_malnutrition,nutrition
odp_mam_children_discharged_cured_a,ODP MAM Children Discharged Cured (A),acute_malnutrition,nutrition
sam_0_59_screening,SAM 0-59 Months Screenings,acute_malnutrition,nutrition
integrated_management_acute_malnutrition,Integrated Management of Acute Malnutrition,acute_malnutrition,nutrition
sam_0_59_referrals,SAM 0-59 Months Referrals,acute_malnutrition,nutrition
sam_0_59_admissions,SAM 0-59 Months Admissions,acute_malnutrition,nutrition
odp_sam_children_discharged_cured_a,ODP SAM Children Discharged Cured (A),acute_malnutrition,nutrition
plw_screening,PLW Screenings,acute_malnutrition,nutrition
plw_admissions,PLW Admissions,acute_malnutrition,nutrition
plw_referrals,PLW Referrals,acute_malnutrition,nutrition
therapeutic_feeding,Therapeutic Feeding,acute_malnutrition,nutrition
odp_am_plw_admissions,ODP-AM PLW Admissions,acute_malnutrition,nutrition
supplementary_feeding,Supplementary Feeding,acute_malnutrition,nutrition
vitamin_supplements_0_59_months,Vitamin A Supplementation 0-59 Months,nutrition_programmes,nutrition
deworming_24_59_months,Deworming 24-59 Months,nutrition_programmes,nutrition
bsfp_recieved_6_23_months,BSFP Received 6-23 Months,nutrition_programmes,nutrition
bsfp_recieved_plw,BSFP Received PLW,nutrition_programmes,nutrition
gross_monitoring,Gross Monitoring,nutrition_programmes,nutrition
nutrition_health_education_session,Nutrition and Health Education Session,nutrition_education_training,nutrition
training_nutrition_emergencies,Nutrition in Emergencies,nutrition_education_training,nutrition
education_infant_young_children_feeding,Infant Young Children Feeding (IYCF) Counselling/Coaching,nutrition_education_training,nutrition
training_cluster_approach,Cluster Approach,nutrition_education_training,nutrition
education_health_community_imci,Community Education IMCI,nutrition_education_training,nutrition
education_health_community_breastfeeding,Community Breastfeeding Education & Awareness,nutrition_education_training,nutrition
education_health_worker_breastfeeding,Health Worker Breastfeeding Education & Awareness,nutrition_education_training,nutrition
vitamin_supplements_6_59_months,Vitamin A Supplementation 6-59 Months,nutrition_emergency,nutrition
deworming_24_59_months_emergency,Deworming 24-59 Months,nutrition_emergency,nutrition
bsfp_recieved_6_59_months,BSFP Received 6-59 Months,nutrition_emergency,nutrition
bsfp_recieved_plw_emergency,BSFP Received PLW,nutrition_emergency,nutrition
education_infant_young_children_feeding_emergency,Infant Young Children Feeding (IYCF) Counselling/Coaching,nutrition_emergency,nutrition
muac_oedema_acute_malnutrition_screening,MUAC/Oedema Acute Malnutrition Screening,nutrition_emergency,nutrition
oedema_referral,Oedema IPD/OPD SAM & OPD-MAM Referral,nutrition_emergency,nutrition
muac_lt_11_5_cm_referral,MUAC < 11.5 cm IPD/OPD SAM & OPD-MAM Referral,nutrition_emergency,nutrition
muac_gt_11_5_lt_12_5_cm_referral,MUAC > 11.5 cm to <12.5 cm IPD/OPD SAM & OPD-MAM Referral,nutrition_emergency,nutrition
normal_screening_children,Normal Screening - Children,screening_referral,nutrition
normal_screening_pregnant_women,Normal Screening - Pregnant Women,screening_referral,nutrition
normal_screening_lactating_women,Normal Screening - Lactating Women,screening_referral,nutrition
micronutrients_recieved_6_59_months,Micronutrients Received 6-59 Months,nutrition_emergency,nutrition
sam_already_enrolled_children_0_59_months,SAM Already Enrolled - Children (0 - 59 months),screening_referral,nutrition
sam_referred_children_0_59_months,SAM Referred - Children (0 - 59 months),screening_referral,nutrition
mam_identified_children_6_59_months,MAM Identified - Children (6 - 59 months),screening_referral,nutrition
mam_identified_pregnant_women,MAM Identified - Pregnant Women,screening_referral,nutrition
mam_identified_lactating_women,MAM Identified - Lactating Women,screening_referral,nutrition
mam_already_enrolled_children_6_59_months,MAM Already Enrolled - Children (6 - 59 months),screening_referral,nutrition
mam_already_enrolled_pregnant_women,MAM Already Enrolled - Pregnant Women,screening_referral,nutrition
mam_already_enrolled_lactating_women,MAM Already Enrolled - Lactating Women,screening_referral,nutrition
mam_referred_children_6_59_months,MAM Referred - Children (6 - 59 months),screening_referral,nutrition
mam_referred_pregnant_women,MAM Referred - Pregnant Women,screening_referral,nutrition
mam_referred_lactating_women,MAM Referred - Lactating Women,screening_referral,nutrition
sam_admissions_children_0_59_months,SAM Admissions - Children (0 - 59 months),management_of_acute_malnutrition,nutrition
sam_identified_children_0_59_months,SAM Identified - Children (0 - 59 months),screening_referral,nutrition
mam_admissions_pregnant_women,MAM Admissions - Pregnant Women,management_of_acute_malnutrition,nutrition
mam_admissions_lactating_women,MAM Admissions - Lactating Women,management_of_acute_malnutrition,nutrition
bfsp_admissions_children,BFSP Admissions - Children,prevention_of_malnutrition,nutrition
bfsp_admissions_pregnant_women,BFSP Admissions - Pregnant Women,prevention_of_malnutrition,nutrition
bfsp_admissions_lactating_women,BFSP Admissions - Lactating Women,prevention_of_malnutrition,nutrition
iycf_counselling_admissions_pregnant_women,IYCF Counselling Admissions - Pregnant Women,nutrition_counselling,nutrition
mam_admissions_children_6_59_months,MAM Admissions - Children (6 - 59 months),management_of_acute_malnutrition,nutrition
maternal_nutrition_counselling_admissions_pregnant_women,Maternal Nutrition Counselling Admissions - Pregnant Women,nutrition_counselling,nutrition
maternal_nutrition_counselling_admissions_lactating_women,Maternal Nutrition Counselling Admissions - Lactating Women,nutrition_counselling,nutrition
adolescent_nutrition_counselling_admissions_adolescent_girls_13_19_years,Adolescent Nutrition Counselling Admissions - Adolescent Girls (13 - 19 years),nutrition_counselling,nutrition
vitamin_a_distribution_children,Vitamin A Distribution - Children,micronutrient_supplementation,nutrition
ifa_distribution_adolescent_girls_13_19_years,IFA Distribution - Adolescent Girls (13 - 19 years),micronutrient_supplementation,nutrition
ifa_distribution_pregnant_women,IFA Distribution - Pregnant Women,micronutrient_supplementation,nutrition
mnp_distribution_children,MNP Distribution - Children,micronutrient_supplementation,nutrition
bms_distribution,BMS Distribution,bms_distribution,nutrition
opd_consultation,OPD Consultation,primary_health_care,health
no_of_births_assisted_by_a_skilled_birth_attendant,# of births assisted by a skilled birth attendant,births_assisted_skilled_birth_attendant,health
no_gbv_survivors_receiving_cmr_services,# GBV survivors receiving CMR services,clinical_management_rape_cmr_pss_for_survivors,health
ifa_distribution_lactating_women,IFA Distribution - Lactating Women,micronutrient_supplementation,nutrition
no_inidviduals_receiving_financial_support_primarily_to_assist_with_medical_care_costs,# inidviduals receiving financial support primarily to assist with medical care costs,financial_support_for_health_care_costs_cash_vouchers,health
no_hcws_provided_training,# HCWs provided training,hcw_training,health
no_of_people_reached_by_health_education_messaging_targeting_behaviour_change,# of people reached by health education messaging targeting behaviour change,information_education_communications_iec_within_communities,health
no_mental_health_consultations_by_a_health_care_provider,# Mental health consultations by a Health Care Provider,management_mental_disorders_health_care_provider,health
no_of_children_under_15_y_vaccinated_against_measles,# of children (<15y/o) vaccinated against measles,measles_vaccination_children_under_15,health
no_individuals_received_physical_rehabilitation_services,# individuals received physical rehabilitation services,physical_rehabilitation_including_community_based,health
no_of_outpatient_consultations,# of outpatient consultations,mobile_health_iert_services,health
no_psychosocial_pfa_interventions_by_a_health_care_provider_or_non_hcp,# Psychosocial (PFA) interventions by a Health Care Provider or non-HCP,psychosocial_interventions_including_psychological_first_aid_health_care_provider_non_hcp,health
no_of_outpatient_consultations,# of outpatient consultations,primary_care_outpatient_services,health
phc_referrals,OPD Referrals,primary_health_care,health
rape_management_referrals,Rape Management & Referrals,primary_health_care,health
psycho_social,Psycho Social Support,primary_health_care,health
number_of_physical_rehabilitation_session,Number of Physical Rehabilitation Session,primary_health_care,health
no_of_consultations,# of consultations,trauma_care,health
antenatal_care,Antenatal Care,primary_health_care,health
postnatal_care,Postnatal Care,primary_health_care,health
skilled_birth_attendant,Skilled Birth Attendant,primary_health_care,health
penta_3,Vaccination ( Penta3 ),primary_health_care,health
measles,Vaccination ( Measles ),primary_health_care,health
education_phc,Health Education & Awareness,primary_health_care,health
training_phc,Training Health Providers,primary_health_care,health
fatp_stabilization_referrals_conflict,FATP - Stabilization & Referrals ( Conflict ),trauma_care,health
fatp_stabilization,FATP - Stabilization ( Conflict ),trauma_care,health
health_promotion,Health Promotion,primary_health_care,health
fatp_stabilization_referrals_civilian,FATP - Stabilization & Referrals ( Non-Conflict ),trauma_care,health
fatp_stabilization_civilian,FATP - Stabilization ( Non-Conflict ),trauma_care,health
tcu_minor_surgeries,TCU - Minor Surgeries,trauma_care,health
tcu_major_surgeries,TCU - Major Surgeries,trauma_care,health
opd_consultation_surgery,OPD + Consultation Surgery,trauma_care,health
physical_rehabilitation,Physical Rehabilitation,trauma_care,health
training_tcu,Training Health Providers,trauma_care,health
education_tcu,Health Education & Awareness,trauma_care,health
human_resources,Human Resources,trauma_care,health
new_fatp_trauma_center,Establishment of new FATP/Trauma Center,trauma_care,health
early_warning,Early Warning,surveillance,health
rapid_response_mechanism,Rapid Response Mechanism,surveillance,health
support_contingency_planning,Contingency Planning,support,health
support_coordination,Coordination,support,health
support_risk_assessment_analysis,Risk Assessment & Analysis,support,health
support_strengthening_lab,Strengthening Lab,support,health
support_establishing_cdc,Establishing CDC,support,health
support_isolation_center_support,Isolation Center Support,support,health
support_real_time_surveillance,Real-Time Surveillance,support,health
medical_staff_transport,Medical Staff Transport,supply_logistics,health
strengthening_rhb_supply_chain_mangement,Strengthening RHB Supply Chain Management,supply_logistics,health
medical_supplies_awd,Medical Supplies - AWD,supply_logistics,health
medical_supplies_ctc_hardware,Medical Supplies - CTC Hardware,supply_logistics,health
medical_supplies_lab,Medical Supplies - Lab,supply_logistics,health
medical_supplies_maternal_reproductive_health,Medical Supplies - Maternal & Reproductive Health,supply_logistics,health
medical_supplies_phc,Medical Supplies - PHC,supply_logistics,health
medical_supplies_trauma,Medical Supplies - Trauma,supply_logistics,health
ari_cases,ARI Cases,phem,health
awd_cases,AWD Cases,phem,health
dengue_cases,Dengue Cases,phem,health
dysentery_cases,Dysentery Cases,phem,health
guinea_worm_cases,Guinea Worm Cases,phem,health
malaria_cases,Malaria Cases,phem,health
measles_cases,Measles Cases,phem,health
meningitis_cases,Meningitis Cases,phem,health
rabies_cases,Rabies Cases,phem,health
scabies_cases,Scabies Cases,phem,health
smallpox_cases,Smallpox Cases,phem,health
yellow_fever_cases,Yellow Fever Cases,phem,health
emergency_obstetric_neonatal_care,Emergency Obstetric Neonatal Care,mch,health
antenatal_care_mch,Antenatal Care,mch,health
postnatal_care_mch,Postnatal Care,mch,health
skilled_birth_attendant_mch,Skilled Birth Attendant,mch,health
education_mch,Health Education & Awareness,mch,health
incentives_health_workers,Incentives for Health Workers,supply_logistics,health
obstetric_referral_mch,MCH Obstetric Referral ( Pregnant Women are Referred ),mch,health
training_mch,Training Health Providers,mch,health
childhood_illness_ari_diarrhoea,Childhood Illness (ARI and Diarrhoea),mch,health
antenatal_postnatal_visit,Antenatal and Postnatal Visit,mch,health
awd,Vaccination ( AWD ),vaccination,health
penta_1,Vaccination ( Penta1 ),vaccination,health
penta_3_vaccination,Vaccination ( Penta3 ),vaccination,health
measles_vaccination,Vaccination ( Measles ),vaccination,health
family_planning,Family Planning,mch,health
vaccination_tt,Vaccination ( TT ),vaccination,health
diarrhea_treatment,Diarrhea Treatment,infectious_diseases,health
training_health_workers_surveillance,Surveillance,training_capacity_building,health
training_health_workers_communication,Communication,training_capacity_building,health
training_health_workers_case_management,Case Management,training_capacity_building,health
training_health_workers_eoc,Emergency Operations Centers,training_capacity_building,health
training_health_workers_clean_and_safe_health_delivery,Clean And Safe Health Delivery,training_capacity_building,health
training_health_workers_wash,"Water, Sanitation and Hygiene",training_capacity_building,health
training_health_workers_infection_prevention_control,Infection Prevention and Control,training_capacity_building,health
training_health_workers_misp,MISP,training_capacity_building,health
training_health_workers_clinical_management_rape,Clinical Management of Rape,training_capacity_building,health
training_health_workers_emnoc,EmNOC,training_capacity_building,health
training_health_workers_mnhc_services,MNHC Services,training_capacity_building,health
training_health_workers_data_management,Data Management,training_capacity_building,health
training_health_workers_phis,"PHIS (4W, DHIS2, HeRAMS)",training_capacity_building,health
education_health,Health Education & Awareness,health_education_training,health
training_health,Training Health Providers,health_education_training,health
training_health_workers_safe_delivery,Safe Delivery,training_capacity_building,health
risk_community_engagement,Risk Communication and Community Engagement,covid_19,health
surveillance,Surveillance,covid_19,health
maintaining_health_care_activities_mht,Maintaining Health Care Activities - through Mobile Health Teams,covid_19,health
Establishment of Isolation Centers,Establishment of Isolation Centers,covid_19,health
chws_integrated_community_case_management_acute_diarrhea_pneumonia_malaria,"CHWs - Integrated Community Case Management Aacute Diarrhea, Pneumonia, Confirmed Malaria)",community_health_nutrition,health
acute_malnutrition_screening_muac_edema_sam_mam,"Acute Malnutrition Screening (MUAC and / or Bilateral Edema), Active Case Finding of SAM & MAM",community_health_nutrition,health
phc_outpatient_services,PHC - Outpatient Services,general_clinical_services_trauma_care,health
mobile_health_iert_services,Mobile health (IERT) Services,general_clinical_services_trauma_care,health
community_mobilization_support_to_mass_vaccinations_drug_treatments,Community Mobilization - Support to Mass Vaccinations and / or Drug Administration / Treatments,community_health_nutrition,health
physical_rehabilitation_support,Physical Rehabilitation & Support,general_clinical_services_trauma_care,health
trauma_surgical_care,Trauma & Surgical Care,general_clinical_services_trauma_care,health
ambulance_service,Ambulance Service,general_clinical_services_trauma_care,health
vaccination_penta_3_lt_1_yr,Vaccination: Penta3 < 1 y/o,child_health,health
vaccination_measles,Vaccination: Measles,child_health,health
primary_injury_care_basic_resuscitation,Primary Injury Care & Basic Resuscitation,general_clinical_services_trauma_care,health
basic_child_care_imci_outpatient_sam,Basic Child Care (IMCI & Outpatient SAM tx),child_health,health
management_of_children_including_neonates_suffering_from_severe_very_severe_illness,Management of Children (Including Sick Neonates) Suffering from Severe & Very Severe Illness,child_health,health
management_of_children_6_to_9_months_sam_complications,Hospital Management of SAM with complications (6-59 months),child_health,health
diagnosis_treatment_tb,Diagnosis and Treatment of TB,communicable_diseases,health
contact_tracing_prevention_amongst_contacts,Contact Tracing and Prevention Amongst Contacts,communicable_diseases,health
iec_early_identification_referral_priority_diseases,IEC on Early Identification and Referral of Priority Diseases,environmental_health,health
iec_hygieneinfection_control,IEC on Hygiene and/or Infection Control,environmental_health,health
vector_control_iec_impregnated_nets_insecticide_spraying,Vector Control (IEC / Impregnated Bed Nets / Insecticide Spraying),environmental_health,health
water_supply_hcfs,Water Supply in HCFs,environmental_health,health
medical_waste_disposal_management,Medical Waste Disposal and Management,environmental_health,health
infection_control_hcfs,Infection Control in HCFs,environmental_health,health
hr_infection_control_hcfs,HR for Infection Control in HCFs,environmental_health,health
iec_prevention_sti_hiv_infections_behavioural_change_communication,IEC Prevention of STI/HIV Infections and Behavioural Change Communication,sti_hiv_aids,health
management_sexually_transmitted_infections_hiv,Management of Sexually Transmitted Infections / HIV,sti_hiv_aids,health
family_planning_mnh,Family Planning,maternal_newborn_health,health
antenatal_care_mnh,Antenatal Care,maternal_newborn_health,health
excreta_disposalhcfs,Excreta Disposal in HCFs,environmental_health,health
skilled_birth_attendant_normal_attendant,Skilled Birth Attendant (Normal Delivery),maternal_newborn_health,health
bemoc,BEmOC: Basic Emergency Obstetric Care,maternal_newborn_health,health
cemoc,CEmOC: Comprehensive Emergency Obstetric Care,maternal_newborn_health,health
treatment_diabetes,Treatment of Diabetes,non_communicable_disases,health
clinical_management_victems_rape,Clinical Management of Victims of Rape,sexual_violence,health
psychosicial_interventions_non_HCP,Psychosicial Interventions (by non-HCP),mental_health_pss,health
financial_support_cash_vouchers,Financial Support- Cash or Vouchers,financial_support_cash_voucher,health
mental_health_care_hcp,Mental Health Care (by HCP),mental_health_pss,health
hcw_training_trauma_mcm,HCW Training - Trauma/MCM,health_care_worker_performance,health
hcw_training_srh,HCW Training - SRH,health_care_worker_performance,health
hcw_training_sgbv,HCW Training - SGBV,health_care_worker_performance,health
hcw_training_mh_pss,HCW Training - MH/PSS,health_care_worker_performance,health
hcw_training_case_management,HCW Training - Case Management,health_care_worker_performance,health
hcw_training_emergency_management,HCW Training - Emergency Management,health_care_worker_performance,health
hcw_training_imci,HCW Training - IMCI,health_care_worker_performance,health
clinical_supervision,Clinical Supervision,health_care_worker_performance,health
patient_satisfaction_feedback_mechanism,Patient Satisfaction Feedback Mechanism,health_care_worker_performance,health
ph_labratory_support,PH Laboratory Support,public_health_emergency_management,health
ctu_ctc,CTU/CTC,public_health_emergency_management,health
fsac_multi_purpose_cash,Multi-Purpose Cash,food_assistance,fsac
fsac_cash,Cash for Food ( Unrestricted ),food_assistance,fsac
fsac_cash_value_voucher,Value Voucher,food_assistance,fsac
fsac_cash_commodity_voucher,Commodity Voucher,food_assistance,fsac
fsac_in_kind,in Kind Food,food_assistance,fsac
warehousing_contingency_supplies,Warehousing/Contingency Supplies,public_health_emergency_management,health
complementary_food_voucher,Complementary Food / Voucher,food_assistance,fss
cooked_food,Cooked Food,food_assistance,fss
community_kitchen,Community Kitchen,food_assistance,fss
farmers_market,Farmers Market,food_assistance,fss
e_voucher_value,e-Voucher (Value),food_assistance,fss
general_food_distribution,General Food Distribution,food_assistance,fss
ready_to_eat_meals,Ready to Eat Meals,food_assistance,fss
school_feeding_rations_distributed,School Feeding - Rations Distributed,food_assistance,fss
food_for_asset_in_kind,Food for Asset - in Kind,livelihood_support,fsac
food_for_training_in_kind,Food for Training - in Kind,livelihood_support,fsac
food_for_training_cbt,Food for Training - CBT,livelihood_support,fsac
seed_distribution_wheat,Wheat Seed Distribution,livelihood_support,fsac
food_for_asset_cbt,Food for Asset - CBT,livelihood_support,fsac
seed_distribution_wheat_cbt,Wheat Seed Distribution - CBT,livelihood_support,fsac
seed_distribution_vegtable_in_kind,Vegetable Seed Distribution,livelihood_support,fsac
seed_distribution_vegtable_in_kind,Vegetable Seed Distribution - In Kind,livelihood_support,fsac
seed_distribution_wheat_in_kind,Wheat Seed Distribution - In Kind,livelihood_support,fsac
seed_distribution_other,Other Seed Distribution,livelihood_support,fsac
seed_distribution_other_in_kind,Other Seed Distribution - In Kind,livelihood_support,fsac
seed_distribution_vegtable_cbt,Vegetable Seed Distribution - CBT,livelihood_support,fsac
kitchen_gardening,Kitchen Gardening,livelihood_support,fsac
fertalizer_distribution,Fertilizer Distribution,livelihood_support,fsac
fertalizer_distribution_in_kind,Fertilizer Distribution - In Kind,livelihood_support,fsac
fertalizer_distribution_cbt,Fertilizer Distribution - CBT,livelihood_support,fsac
seed_distribution_other_cbt,Other Seed Distribution - CBT,livelihood_support,fsac
animal_vaccination_fmd,Animal Vaccination FMD,livelihood_support,fsac
animal_vaccination_ppr,Animal Vaccination PPR,livelihood_support,fsac
animal_feed_fodder_distribution,Animal Feed / Fodder Distribution,livelihood_support,fsac
animal_vaccination_deworming,Animal Vaccination / Deworming,livelihood_support,fsac
animal_feed_fodder_distribution_in_kind,Animal Feed / Fodder Distribution - In Kind,livelihood_support,fsac
animal_feed_fodder_distribution_cbt,Animal Feed / Fodder Distribution - CBT,livelihood_support,fsac
other_food_security_acitivity,Other Food Security Activity,livelihood_support,fsac
poultry,Poultry,livelihood_support,fsac
fsac_ipc_assessment,IPC Analysis,fsac_assessments,fsac
fsac_pre_harvest_appraisal,Pre-Harvest Food Security Appraisal,fsac_assessments,fsac
fsac_adhoc_assessment,Ad-Hoc Assessments,fsac_assessments,fsac
fsac_partners_assessments,Partners Assessment,fsac_assessments,fsac
education_food_security_vunerability,Food Security & Vulnerability,fsac_education_training,fsac
fsac_asessment_sfsa,SFSA Assessment,fsac_assessments,fsac
shelter_construction_materials_transitional,Transitional Shelter Construction ( Materials in-kind ),shelter_construction,esnfi
shelter_construction_materials_permanent,Permanent Shelter Construction ( Materials in-kind ),shelter_construction,esnfi
esnfi_in_cash,ESNFI in Cash,esnfi_distribution,esnfi
esnfi_in_kind,ESNFI In-Kind,esnfi_distribution,esnfi
esnfi_mixed_cash_in_kind,ESNFI Mixed (Cash + In-Kind),esnfi_distribution,esnfi
nfi_kit_in_cash,Cash for NFIs (Non-Food Items),esnfi_distribution,esnfi
nfi_kit_in_kind,Non-Food Items (NFI Kit),esnfi_distribution,esnfi
es_kit_in_kind,Emergency Shelter Assistance - In-Kind,esnfi_distribution,esnfi
emergency_shelter_repair_kits_full,Emergency Shelter Repair Kits (Full),shelter_reconstruction_repair,esnfi
es_kit_in_cash,Emergency Shelter Assistance - In Cash,esnfi_distribution,esnfi
minor_shelter_repair_kits,Minor Shelter Repair - Kits,shelter_reconstruction_repair,esnfi
es_construction,Emergency Shelter Construction,shelter_reconstruction_repair,esnfi
cs_construction,Communal Shelter Construction,shelter_reconstruction_repair,esnfi
cash_for_rent,Cash for Rent,shelter_reconstruction_repair,esnfi
nfi_kit_partial,NFI Kit (Partial),esnfi_distribution,esnfi
cash_for_shelter_rent,Cash for Shelter/Rent,shelter_reconstruction_repair,esnfi
cash_for_shelter_communal_shelters,Cash for Shelter - Communal Shelters,shelter_reconstruction_repair,esnfi
emergency_shelter_repair_kits_partial,Emergency Shelter Repair Kits (Partial),shelter_reconstruction_repair,esnfi
minor_shelter_repair_cash,Minor Shelter Repair - Cash,shelter_reconstruction_repair,esnfi
emergency_shelter_repair_kits_mixed_cash_in_kind,Emergency Shelter Repair Kits Mixed (Cash + In-Kind),shelter_reconstruction_repair,esnfi
nfi_kit_standard_16_items,Standard NFI Kit 16 Items,hardware_materials_distribution,esnfi
nfi_kit_standard_items,Standard NFI Kit Individual Items,hardware_materials_distribution,esnfi
standard_emergency_shelter_kit,Standard Emergency Shelter Kit,hardware_materials_distribution,esnfi
stock_prepositioning,Stock Prepositioning,hardware_materials_distribution,esnfi
standard_winterization_kit,Standard Winterization Kit,hardware_materials_distribution,esnfi
partial_kits,Partial Kits,hardware_materials_distribution,esnfi
standard_emergency_shelter_repair_kit,Standard Emergency Shelter Repair Kit,hardware_materials_distribution,esnfi
esnfi_multi_purpose_cash,Multi-Purpose Cash,cash_vouchers,esnfi
cash_nfi,Cash for NFIs,cash_vouchers,esnfi
cash_winterization,Cash for Winterization,cash_vouchers,esnfi
loose_items,Loose Items,hardware_materials_distribution,esnfi
cash_shelter_repair,Cash for Shelter Repair,cash_vouchers,esnfi
shelter_construction_cash_permanent,Cash for Permanent Shelter Construction,cash_vouchers,esnfi
shelter_construction_cash_transitional,Cash for Transitional Shelter Construction,cash_vouchers,esnfi
education_awareness_radio,Radio,esnfi_education_training,esnfi
education_awareness_television,Television,esnfi_education_training,esnfi
education_awareness_posters,Posters,esnfi_education_training,esnfi
training_drr,Community Training,esnfi_education_training,esnfi
cash_rent,Cash for Rent,cash_vouchers,esnfi
tent_distribution_2_tarps_package,Distribution of a Tent + 2 tarps-in-kind,emergency_shelter_kit,esnfi
local_materials_tarps_tools_package,"Distribution, installation of tools, materials, tarps for localised emergency shelter",emergency_shelter,esnfi
tent_distribution_2_tarps_package,Distribution of a Tent + 2 tarps-in-kind,standard_emergency_shelter_kit,esnfi
infrastructure_extension_settlement_space_covid_facilities,Infrastructure activities to extend settlement space for Covid related facilities,emergency_shelter,esnfi
local_materials_tarps_tools_package,"Distribution, installation of tools, materials, tarps in-kind for localised emergnecy shelter.",emergency_shelter_kit,esnfi
rental_support_6_month_package,Rental Support for 6 Months,rental_support,esnfi
rental_support_3_month_package,Rental Support for 3 Months,rental_support,esnfi
existing_shelter_upgrade_repair_package,Upgrade/repair of damaged or existing shelters,shelter_repair_upgrade,esnfi
emergency_shelter_self_construction_repair_toolkit_distribution,Distribution of Emergency Shelter Self Construction / Repair Toolkit,emergency_shelter_self_construction_repair_toolkit,esnfi
existing_shelter_upgrade_package,Upgrade/repair of damaged or existing shelters,shelter_repair_upgrade,esnfi
standard_nfi_kit_distribution,Distribution of Standard Emergency NFI Kit,standard_emergency_nfi_kit,esnfi
existing_shelter_upgrade_package_toolkit,Upgrade/repair of damaged or existing shelters plus distribution reconstruction toolkit,shelter_repair_upgrade,esnfi
standard_nfi_package,NFI Package,nfi_package,esnfi
transitional_shelter_construction_2_room,Construction of 2 room transitional shelter,transitional_shelter,esnfi
shelter_extension_kits_overcrowding_reduction,Shelter extension kits to reduce overcrowding,transitional_shelter,esnfi
transitional_shelter_construction_1_room,Construction of 1 room transitional shelter,transitional_shelter,esnfi
permanent_shelter_construction_1_room,Construction of 1 room permanent shelter,permanent_shelter,esnfi
transitional_shelter_package_1_room_cost usd_1250-2000,Construction of 1 room transitional shelter,transitional_shelter,esnfi
transitional_shelter_package_2_room_cost_usd_1250-2000,Construction of 2 room transitional shelter,transitional_shelter,esnfi
permanent_shelter_construction_2_room,Construction of 2 room permanent shelter,permanent_shelter,esnfi
permanent_shelter_package_1_room_cost usd_2000-3500,Construction of 1 room permanent shelter,transitional_shelter,esnfi
permanent_shelter_package_2_room_cost usd_2000-3500,Construction of 2 room permanent shelter,transitional_shelter,esnfi
winterization_package_heating_fuel,Provision of standard winterization package for fuel and heating,standard_winterization_package,esnfi
heating_supplies_school_support,Schools supported with heating supplies,standard_winterization_package,esnfi
winterization_package_winter_clothing_kit,Provision of standard winter clothing kit,standard_winter_clothing_kit,esnfi
school_aged_children_winter_clothing_kits,School-aged children to receive winter clothing kits,standard_winterization_package,esnfi
winterization_package_winter_clothing_kit,Provision of standard winter clothing kit,winterization_package,esnfi
training_upgrading_repair_shelter,Upgrading / Repair of Shelter Training,esnfi_education_training,esnfi
Risk communication and information campaigns on COVID-19,Risk communication and information campaigns on COVID-19,risk_communication,esnfi
winterization_package_heating_fuel,Provision of standard winterization package for fuel and heating,winterization_package,esnfi
shelter_units_health_facilities,Shelter units for health facilities,shelter_support_health_facilities,esnfi
shelter_units_quarantine_facilities,Shelter units for quarantine facilities,shelter_support_health_facilities,esnfi
shelter_units_home_isolation,Shelter units for self / home isolation spaces,shelter_support_health_facilities,esnfi
tent_distribution_2_tarps_package,Distribution of a Tent + 2 tarps-in-kind,emergency_shelter_kit_2tarps_1tent,esnfi
rental_support_3_month_package,Rental Support for 3 Month,rental_support_3_month,esnfi
nfi_package,NFI Package,nfi_package,esnfi
existing_shelter_upgrade_package,Upgrade of Existing Shelter,existing_shelter_upgrade,esnfi
transitional_shelter_package,Transitional Shelter,transitional_shelter,esnfi
winterization_package,Winterization Package,winterization_package,esnfi
assessment_fully_destroyed,Fully destroyed,damaged_destroyed_shelter_assessment,esnfi
assessment_minimal_damaged,Minimal Damage (Windows damaged etc),damaged_destroyed_shelter_assessment,esnfi
assessment_partially_damaged,Partially Damaged (Some internal walls collapsed, roof leaking, doors broken
establishment_new_cbs_alc_non_formal,Establishment of New CBS/ALC (non-formal),school_establishment,eiewg
establishment_temporary_classroom_formal,Establishment of Temporary Classroom (formal),school_establishment,eiewg
catch_up_classes_dari_pashtu,Catch-up Classes (Dari/Pashtu),school_establishment,eiewg
tents_24sqm,Tents (24 sq.m),school_establishment,eiewg
establishment_maintainance_cbe_alc_tc,Establishment/maintainance of CBE/ALCs/TCs,school_establishment,eiewg
classrom_equipment_teaching_materials_provision,Provision of classroom equipment and teaching materials,teaching_learning_supplies,eiewg
learning_supplies_provision,Provision of learning supplies,teaching_learning_supplies,eiewg
classroom_kits,Classroom Kits,teaching_learning_supplies,eiewg
eie_kit,EiE Kit,teaching_learning_supplies,eiewg
recreational_kit,Recreational Kit,teaching_learning_supplies,eiewg
school_in_box_kit,School in Box Kit,teaching_learning_supplies,eiewg
startup_kit,Startup Kit,teaching_learning_supplies,eiewg
student_bag,Student Bag,teaching_learning_supplies,eiewg
students_kits,Students Kits,teaching_learning_supplies,eiewg
tents_72sqm,Tents (72 sq.m),school_establishment,eiewg
top_up_kits,Top up Kits,teaching_learning_supplies,eiewg
teacher_kits,Teacher Kits,teaching_learning_supplies,eiewg
text_book_distribution,Text Book Distribution,teaching_learning_supplies,eiewg
reading_kits,Reading Kits,teaching_learning_supplies,eiewg
teachers_training,Teachers Training,capacity_building,eiewg
education_personnel_eiewg_training,Training EiEWG to Education Personnel,capacity_building,eiewg
school_management_sura_training,School Management SURA Training,capacity_building,eiewg
potable_water_drinking_water_supply,Potable Water/Drinking Water Supply,wash_in_school,eiewg
latrines_male_female_latrines,Latrines (Male & Female Latrines),wash_in_school,eiewg
hygiene_promotion,Hygiene Promotion,wash_in_school,eiewg
quick_fix_repair_of_schools,Quick Fixing/Repairing of Schools,quick_fix_repair_of_schools,eiewg
psycho_social_support,Psycho-Social Support (PSS),protection_activities,eiewg
teachers_recruitment,Teachers Recruitment,capacity_building,eiewg
social_mobilization,Social Mobilization,protection_activities,eiewg
community_sms_sensitization,Community/SMS sensitization,education_awareness,eiewg
mine_reduction_education_mre,Mine Reduction Education (MRE),protection_activities,eiewg
establishment_temporary_classroom,Establishment of Temporary Classrooms (TCs),school_establishment,education
provision_school_feeding,Provision of School Feeding,teaching_learning_supplies,education
provision_learning_stationary,Provision of Learning Stationary,teaching_learning_supplies,education
provision_washing_facilities,Provision of School WASH Facilities,teaching_learning_supplies,education
provision_education_materials,"Provision of Information, Education Communication Materials (IEC)",teaching_learning_supplies,education
school_campaign,Back to School Campaign,education_awareness,education
provision_education_kit,Provision of Early Childhood Care and Education Kit,teaching_learning_supplies,education
cvwg_multi_purpose_cash,Multi-Purpose Cash,cvwg_multi_purpose_cash,cvwg
mpc_cash_harmonized_meb_based_transfer_value,Harmonized MEB Based Transfer Value,cvwg_multi_purpose_cash,cvwg
mpc_cash_modified_transfer_value,Modified Transfer Value,cvwg_multi_purpose_cash,cvwg
mpc_cash_smeb,Survival Minimum Expenditure Basket (SMEB),cvwg_multi_purpose_cash,cvwg
mpc_cash_protection_grant,Specialized Protection Cash Grant,cvwg_multi_purpose_cash,cvwg
mpc_cash_grant_other,Other MPC Grant,cvwg_multi_purpose_cash,cvwg
mpc_cash_post_arrival_grant,Post-Arrival Cash Grant (Returnees only),cvwg_multi_purpose_cash,cvwg
inpatient_admissions,Inpatient Admissions,primary_health_care,health
opd_consultations,OPD Consultations,primary_health_care,health
minor_surgeries_conducted,Minor Surgeries Conducted,secondary_surgical_care,health
major_emergency_surgeries_conducted_exc_c_section,Major Emergency Surgeries Conducted (exc. C-Section),secondary_surgical_care,health
c_sections_conducted,C-Sections Conducted,secondary_surgical_care,health
elective_surgeries_conducted,Elective surgeries conducted,secondary_surgical_care,health
all_other_referrals_from_this_facility,All Other Referrals from this Facility,referrals,health
eye_screening_conducted,Eye Screening Conducted,eyecare,health
referrals_to_government_hospitals,Referrals to Government Hospitals,referrals,health
spectacle_prescriptions,Spectacle Prescriptions,eyecare,health
hearing_assessments,Hearing Assessments,rehabilitative_and_palliative_care,health
eye_surgeries_conducted,Eye Surgeries Conducted,eyecare,health
physical_and_functional_rehabilitation_services,Physical and Functional Rehabilitation Services,rehabilitative_and_palliative_care,health
palliative_services,Palliative Services,rehabilitative_and_palliative_care,health
clinical_mental_health_management,Clinical Mental Health Management,mental_health_and_psychosocial_support,health
dental_care_activities,Dental Care Activities,dental_care,health
psychosocial_and_psychological_activities,Psychosocial and Psychological Activities,mental_health_and_psychosocial_support,health
live_deliveries_in_health_facilities,Live Deliveries in Health Facilities,maternity,health
stillbirths_in_health_facilities,Stillbirths in Health Facilities,maternity,health
chw_household_visits,CHW Household Visits,community_health_outreach,health
community_psychosocial_activities,Community Psychosocial Activities,mental_health_and_psychosocial_support,health
chw_community_sessions,CHW Community Sessions,community_health_outreach,health
fund_healthcare_workers_at_government_health_facilities,Fund Healthcare Workers at Government Health Facilities,human_resources_for_health,health
case_management,Case Management,trainings_for_health_care_workers,health
diarrhea_hygiene_promotion,Diarrhea/Hygiene Promotion,trainings_for_health_care_workers,health
first_aid,First Aid,trainings_for_health_care_workers,health
employ_healthcare_workers_at_ngo_health_facilities,Employ Healthcare Workers at NGO Health Facilities,human_resources_for_health,health
immunisation,Immunisation,trainings_for_health_care_workers,health
mhpss,MHPSS,trainings_for_health_care_workers,health
sexual_and_reproductive_health,Sexual and Reproductive Health,trainings_for_health_care_workers,health
household_water_treatment_aquatabs,Household water treatment (aquatabs),water,wash
cash_for_work_water,Cash for Work (Please specify in Remarks),water,wash
ring-well_construction_rehabilitation,Ring-well construction / rehabilitation,water,wash
spring_catchment_distribution_system,Spring catchment & distribution system,water,wash
household_water_treatment_ultra-filtration_device,Household water treatment (ultra-filtration device),water,wash
surface_water_production_distribution_system,Surface water production & distribution system,water,wash
"tube-well,_decommissioning","Tube-Well, Decommissioning",water,wash
"tube-well,_deep_tube-well_construction_rehabilitation","Tube-Well, Deep Tube-Well Construction / Rehabilitation",water,wash
"tube-well,_repair_maintenance_operations","Tube-Well, Repair / Maintenance & Operations",water,wash
"tube-well,_shallow_tube-well_construction_rehabilitation","Tube-Well, Shallow Tube-Well Construction / Rehabilitation",water,wash
water_quality_testing,Water quality testing,water,wash
water_trucking,Water trucking,water,wash
submersible_pump_distribution_system,Submersible pump & distribution system,water,wash
other_water,Other (Please specify in Remarks),water,wash
"bathing_facilities,_construction","Bathing Facilities, Construction",sanitation,wash
"bathing_facilities,_repair_maintenance","Bathing Facilities, Repair & Maintenance",sanitation,wash
bio-gas_plant_construction,Bio-Gas plant construction,sanitation,wash
fsm_anaerobic_filter,FSM - Anaerobic filter,sanitation,wash
cash_for_work_sanitation,Cash for Work (Please specify in Remarks),sanitation,wash
fsm_constructed_wetland,FSM - Constructed wetland,sanitation,wash
fsm_lime_stabilization,FSM - Lime stabilization,sanitation,wash
fsm_biological_treatment,FSM - Biological treatment,sanitation,wash
"handwashing,_construction_of_handwashing_facilities","Handwashing, Construction of Handwashing Facilities",sanitation,wash
"handwashing,_repair_maintenance_operations","Handwashing, Repair / Maintenance & Operations",sanitation,wash
"latrines,_bio-fill_latrine","Latrines, Bio-Fill latrine",sanitation,wash
"latrines,_bio-gas_latrine_construction","Latrines, Bio-Gas latrine construction",sanitation,wash
fsm_up_flow_filtration,FSM - Up-flow filtration,sanitation,wash
"latrines,_child_friendly","Latrines, Child friendly",sanitation,wash
"latrines,_decommissioning","Latrines, Decommissioning",sanitation,wash
"latrines,_disabled_friendly_","Latrines, Disabled Friendly ",sanitation,wash
"latrines,_desludging","Latrines, Desludging",sanitation,wash
"latrines,_emergency_construction","Latrines, Emergency Construction",sanitation,wash
"latrines,_female_segregated_semi-permanent_household_latrine_construction","Latrines, Female segregated semi-permanent household latrine construction",sanitation,wash
"latrines,_permanent_communal_block_latrine_construction","Latrines, Permanent communal (block) latrine construction",sanitation,wash
"latrines,_female_segregated_semi-permanent_communal_block_latrine_construction","Latrines, Female segregated semi-permanent communal (block) latrine construction",sanitation,wash
"latrines,_repair_maintenance_operations","Latrines, Repair/Maintenance & Operations",sanitation,wash
"latrines,_permanent_household_latrine_construction","Latrines, Permanent Household Latrine Construction",sanitation,wash
"latrines,_semi-permanent_household_latrine_construction","Latrines, Semi-permanent household latrine construction",sanitation,wash
"latrines,_semi-permanent_communal_block_latrine_construction","Latrines, Semi-permanent communal (block) latrine construction",sanitation,wash
other_sanitation,Other (Please specify in Remarks),sanitation,wash
community_hygiene_promotion_sessions_group,Community hygiene promotion sessions (Group),hygiene,wash
community_hygiene_promotion_sessions_hh,Community hygiene promotion sessions (HH),hygiene,wash
distribution_of_hygiene_items_voucher,Distribution of hygiene items voucher,hygiene,wash
distribution_of_hygiene_kits,Distribution of hygiene kits,hygiene,wash
distribution_of_hygiene_top-up_kits,Distribution of hygiene top-up kits,hygiene,wash
distribution_of_jerry_cans_buckets,Distribution of jerry cans / buckets,hygiene,wash
distribution_of_menstrual_hygiene_materials_mhm,Distribution of Menstrual hygiene materials (MHM),hygiene,wash
hygiene_promotion_capacity,Hygiene promotion capacity,hygiene,wash
cash_for_work_hygiene,Cash for Work (Please specify in Remarks),hygiene,wash
cash_for_work_please_specify_in_remarks,Cash for Work (Please specify in Remarks),solid_waste,wash
decommissioning_of_solid_waste_pit_construction,Decommissioning of solid waste pit construction,solid_waste,wash
solid_waste_collection,Solid Waste Collection,solid_waste,wash
waste_bins_provision,Waste Bins provision,solid_waste,wash
other_hygiene,Other (Please specify in Remarks),hygiene,wash
cash_for_solid_waste,Other (Please specify in Remarks),solid_waste,wash
waste_pit_construction,Waste Pit construction,solid_waste,wash
gbv_response,GBV Response,gbv,protection
gbv_prevention,GBV Prevention,gbv,protection
adolescents,Adolescents,child_protection,protection
case_management,Case Management,child_protection,protection
alternative_care,Alternative care,child_protection,protection
cp_capacity_building,CP Capacity Building,child_protection,protection
cp_community_engagement,CP Community Engagement,child_protection,protection
cp_system_strengthening,CP System Strengthening,child_protection,protection
specialized_services,Specialized Services,child_protection,protection
uasc_and_children_at_risk,UASC and Children at Risk,child_protection,protection
access_to_territory_and_legal_assistance,Access to territory and legal assistance,general_protection,protection
capacity_building,Capacity Building,general_protection,protection
community_based_protection,Community based protection,general_protection,protection
persons_with_specific_needs,Persons with specific needs,general_protection,protection
registration_documentation,Registration & Documentation,general_protection,protection
social_cohesion_and_system_strengthening,Social Cohesion and system strengthening,general_protection,protection
food_assistance_cbt,Food Assistance - CBT,food_assistance,fsac
food_assistance_in_kind,Food Assistance - in Kind,food_assistance,fsac
food_assistance,Food Assistance,food_assistance,fsac
livelihood_support_cbt,Livelihood Support - CBT,livelihood_support,fsac
livelihood_support_in_kind,Livelihood Support - in Kind,livelihood_support,fsac
livelihood_support_agriculture,Agriculture,livelihood_support,fsac
seed_distribution_wheat_in_kind,Wheat Seed Distribution - In Kind,agriculture_livelihood_support,fsac
livelihood_support_livestock,Livestock,livelihood_support,fsac
seed_distribution_vegtable_in_kind,Vegetable Seed Distribution - In Kind,agriculture_livelihood_support,fsac
seed_distribution_wheat_cbt,Wheat Seed Distribution - CBT,agriculture_livelihood_support,fsac
seed_distribution_vegtable_cbt,Vegetable Seed Distribution - CBT,agriculture_livelihood_support,fsac
seed_distribution_other_in_kind,Other Seed Distribution - In Kind,agriculture_livelihood_support,fsac
seed_distribution_other_cbt,Other Seed Distribution - CBT,agriculture_livelihood_support,fsac
kitchen_gardening,Kitchen Gardening,agriculture_livelihood_support,fsac
hand_tools_distribution,Hand Tools Distribution,livelihood_support,fsac
fertalizer_distribution_in_kind,Fertilizer Distribution - In Kind,agriculture_livelihood_support,fsac
vocational_skills_training_in_kind,Vocational Skills Training - In Kind,non_agriculture_livelihood_support,fsac
vocational_skills_training_in_cbt,Vocational Skills Training - CBT,non_agriculture_livelihood_support,fsac
asset_creation_in_kind,Asset Creation - In Kind,non_agriculture_livelihood_support,fsac
fertalizer_distribution_cbt,Fertilizer Distribution - CBT,agriculture_livelihood_support,fsac
animal_vaccination_deworming,Animal Vaccination / Deworming,livestock_support,fsac
asset_creation_in_cbt,Asset Creation - CBT,non_agriculture_livelihood_support,fsac
animal_vaccination_ppr,Animal Vaccination PPR,livestock_support,fsac
animal_vaccination_fmd,Animal Vaccination FMD,livestock_support,fsac
animal_feed_fodder_distribution_cbt,Animal Feed / Fodder Distribution - CBT,livestock_support,fsac
poultry,Poultry,livestock_support,fsac
food_assistanse_within_week_resolved_calls,Food Assitance within a week Resolved Calls,affected_population_accountability,fsac
animal_feed_fodder_distribution_in_kind,Animal Feed / Fodder Distribution - In Kind,livestock_support,fsac
opd,OPD,primary_health_care,health
ipd,IPD,primary_health_care,health
medical_supplies,Medical Supplies,primary_health_care,health
training_of_health_workers,Training of Health Workers,primary_health_care,health
recruitment_of_hrh,Recruitment of HRH,primary_health_care,health
coordination_with_rhus,Coordination with RHUs,primary_health_care,health
rehabilitation_of_health_facilities,Rehabilitation of Health Facilities,primary_health_care,health
mobile_clinics,Mobile Clinics,primary_health_care,health
ncd,NCD,primary_health_care,health
health_education,Health Education,primary_health_care,health
pss_in_non-specialized_health_settings,PSS in Non-Specialized Health Settings,mhpss,health
pss_for_specialized_health_staff,PSS for Specialized Health Staff,mhpss,health
training_of_health_workers,Training of Health Workers,mhpss,health
training_on_trauma_care,Training on Trauma Care,primary_health_care,health
routine_immunization_ri,Routine Immunization (RI),epi,health
social_mobilization,Social Mobilization,epi,health
recruitment_of_vaccinators,Recruitment of Vaccinators,epi,health
training_of_health_workers,Training of Health Workers,epi,health
transport_means,Transport Means,epi,health
monitoring,Monitoring,epi,health
rca,RCA,epi,health
waste_management,Waste Management,epi,health
supply_of_anticonception_incl_condoms,Supply of Anticonception incl Condoms,srh,health
crm,CRM,srh,health
training_of_health_workers,Training of Health Workers,srh,health
outbreak_response_immunization_ori,Outbreak Response Immunization (ORI,epi,health
family_planning,Family Planning,srh,health
supply_of_safe_delivery_kits,Supply of Safe Delivery Kits,srh,health
vct,VCT,hiv_tb,health
tb_testing_and_treatment,TB Testing and Treatment,hiv_tb,health
peer-to-peer_education,Peer-to-Peer Education,hiv_tb,health
pmtct,PMTCT,hiv_tb,health
prepositioning_in_warehouses,Prepositioning in Warehouses,supplies,health
cash,Cash,supplies,health
local_procurement,Local Procurement,supplies,health
emergency_fund,Emergency Fund,supplies,health
doh_national,DoH National,mou,health
doh_regional,DoH Regional,mou,health
lgu,LGU,mou,health
first_aid,First Aid,cb_drr,health
risk_mapping,Risk Mapping,cb_drr,health
disaster_response_teams,Disaster Response Teams,cb_drr,health
drr_health_wash_committees,DRR/Health/WASH Committees,cb_drr,health
volunteers,Volunteers,cb_drr,health
livelihoods,Livelihoods,cb_drr,health
patient_tracing,Patient Tracing,hiv_tb,health
treatment_of_sam_mam,Treatment of SAM/MAM,treatment,nutrition
supplementary_feeding,Supplementary Feeding,supplementary_feeding,nutrition
referral_screening,Referral/Screening,referals,nutrition
training_of_health_workers,Training of Health Workers,training,nutrition
construction_of_water_facilities,Construction of Water Facilities,water,wash
screening_of_sam_mam,Screening of SAM/MAM,screening,nutrition
rehabilitation_of_water_facilities,Rehabilitation of Water Facilities,water,wash
temporary_facilities_services_and_distribution,"Temporary Facilities, Services and Distribution",water,wash
operations_and_maintenance,Operations and Maintenance,water,wash
temporary_facilities_services_and_distribution,"Temporary Facilities, Services and Distribution",sanitation,wash
construction_of_sanitation_facilities,Construction of Sanitation Facilities,sanitation,wash
rehabilitation_of_sanitation_facilities,Rehabilitation of Sanitation Facilities,sanitation,wash
operations_and_maintenance,Operations and Maintenance,sanitation,wash
hydiene_kit_distribution,Hydiene Kit Distribution,hygiene,wash
multi-purpose_cash,Multi-Purpose Cash,cash_distribution,wash
cash_for_work,Cash for Work,cash_distribution,wash
unrestricted,Unrestricted,cash_distribution,wash
integrated_management_childhood_illness_imci_under_5_age_mch,Integrated Management Childhood Illness (IMCI) under 5 age,mch,health
tt_2_vaccination_mch,Vaccination ( TT2 ),mch,health
tt_plus_vaccination_mch,Vaccination ( TT+ ),mch,health
winterization_package_blankets,Provision of blankets,standard_winterization_packages_blankets_clothing_heating,esnfi
tt_1_vaccination_mch,Vaccination ( TT1 ),mch,health
winterization_package_winter_clothing_kit,Provision of standard winter clothing kit,standard_winterization_packages_blankets_clothing_heating,esnfi
winterization_package_heating_fuel,Provision of standard winterization package for fuel and heating,standard_winterization_packages_blankets_clothing_heating,esnfi
hand_dug_well_new,Hand Dug Well - NEW,water,wash
no_of_sam_with_complications_cases,# SAM with complications cases,child_health_nutrition,health
hand_dug_well_rehab,Hand Dug Well - REHAB,water,wash
borehole_new,Borehole with Hand Pump - NEW,water,wash
borehole_rehab,Borehole with Hand Pump - REHAB,water,wash
piped_water_network_new,Piped Water Network - NEW,water,wash
piped_water_network_rehab,Piped Water Network - REHAB,water,wash
rainwater_system_new,Rainwater Harvesting System - NEW,water,wash
rainwater_system_rehab,Rainwater Harvesting System - REHAB,water,wash
shallow_well_rehab,Shallow Well with Hand Pump - REHAB,water,wash
shallow_well_new,Shallow Well with Hand Pump - NEW,water,wash
reverse_osmosis_system_new,Reverse Osmosis System - NEW,water,wash
reverse_osmosis_system_rehab,Reverse Osmosis System - REHAB,water,wash
solar_pumping_system_new,Solar Pumping System - NEW,water,wash
gravity_fed_water_system_new,Gravity-Fed Water System - NEW,water,wash
solar_pumping_system_rehab,Solar Pumping System - REHAB,water,wash
gravity_fed_water_system_rehab,Gravity-Fed Water System - REHAB,water,wash
water_kiosk_new,Water Kiosk - NEW,water,wash
water_kiosk_rehab,Water Kiosk - REHAB,water,wash
water_supply_community_new,Water Supply in Community - NEW,water,wash
water_supply_health_facility_new,Water Supply in Health Facility - NEW,water,wash
water_supply_school_new,Water Supply in School - NEW,water,wash
water_tank_new,Water Tank ( Storage Facility ) - NEW,water,wash
water_supply_community_rehab,Water Supply in Community - REHAB,water,wash
water_supply_health_facility_rehab,Water Supply in Health Facility - REHAB,water,wash
water_supply_school_rehab,Water Supply in School - REHAB,water,wash
water_tank_rehab,Water Tank ( Storage Facility ) - REHAB,water,wash
latrine_stalls_communal_new,Latrine Stalls - Communal - NEW,sanitation,wash
latrine_stalls_school_new,Latrine Stalls - School - NEW,sanitation,wash
latrine_stalls_household_new,Latrine Stalls - Household - NEW,sanitation,wash
latrine_stalls_health_facility_new,Latrine Stalls - Health Facility - NEW,sanitation,wash
latrine_stalls_communal_rehab,Latrine Stalls - Communal - REHAB,sanitation,wash
latrine_stalls_household_rehab,Latrine Stalls - Household - REHAB,sanitation,wash
latrine_stalls_health_facility_rehab,Latrine Stalls - Health Facility - REHAB,sanitation,wash
latrine_stalls_school_rehab,Latrine Stalls - School - REHAB,sanitation,wash
sewer_line_new,Sewer Line - NEW,sanitation,wash
septic_tank_rehab,Septic Tank - REHAB,sanitation,wash
sewer_line_rehab,Sewer Line - REHAB,sanitation,wash
washing_facilities_new,Bathing / Washing Facilities - NEW,sanitation,wash
washing_facilities_rehab,Bathing / Washing Facilities - REHAB,sanitation,wash
septic_tank_new,Septic Tank - NEW,sanitation,wash
hand_washing_facilities_new,Hand Washing Facilities - NEW,hygiene,wash
hand_washing_facilities_rehab,Hand Washing Facilities - REHAB,hygiene,wash
family_hygiene_kits_distributed,Family Hygiene Kits Distributed,wash_supplies,wash
wash_package_kit_distribution,# SAM/MAM children received WASH package/kit at household level,wash_supplies,wash
psea_focal_points_available,PSEA Focal Points Available,wash_psea,wash
family_water_kit_distribution,Family Water Kit Distribution,wash_supplies,wash
tent_distribution_2_tarps,Distribution of Tents + 2 tarps,standard_emergency_shelter_assistance,esnfi
shelter_self_construction_repair_kit,Shelter Repair/Reconstruction Kit,standard_emergency_shelter_assistance,esnfi
rental_support_3_months,Rental Support for 3 months,standard_emergency_shelter_assistance,esnfi
standard_emergency_nfi_kit,Standard Emergency NFI Kit,standard_emergency_nfi_kit,esnfi
repair_upgrade_of_shelters_with_minor_damage,Repair/Upgrade of shelters with minor damage,shelter_repair_upgrade,esnfi
repair_upgrade_of_shelters_with_severe_damage,Repair/Upgrade of shelters with severe damages,shelter_repair_upgrade,esnfi
extension_of_existing_shelters,Extensions of existing shelters,shelter_repair_upgrade,esnfi
transitional_shelter_construction_1_room,Construction of an average sized family transitional shelter (1 bedroomed),transitional_shelter,esnfi
transitional_shelter_construction_2_room,Construction of an average sized family transitional shelter (2 bedroomed),transitional_shelter,esnfi
permanent_shelter_construction_1_room,Construction of an average sized family permanent shelter (1 bedroomed),permanent_shelter,esnfi
permanent_shelter_construction_2_room,Construction of an average sized family permanent shelter (2 bedroomed),permanent_shelter,esnfi
winterization_heating_and_fuel_assistance,Winterization heating and fuel assistance,standard_winterization_assistance,esnfi
winter_clothing_package,Winter Clothing Package,standard_winterization_assistance,esnfi
blanket_package,Blanket Package,standard_winterization_assistance,esnfi
training_awareness_drr,DRR Training / Awareness,esnfi_education_training,esnfi
training_on_upgrading_repairs_of_shelters,Training on Upgrading/Repairs of shelters,esnfi_education_training,esnfi
training_on_construction_of_transitional_shelters,Training on construction of Transitional Shelters,esnfi_education_training,esnfi
training_on_construction_of_permanent_shelters,Training on construction of Permanent Shelters,esnfi_education_training,esnfi
psychosocial_and_mental_health_support,Psychosocial and mental health support,cpie,protection
adolescents_programming,Adolescents programming,cpie,protection
awareness_raising_and_advocacy,Awareness raising and advocacy,cpie,protection
"social,_economic_and_education_reintegration","Social, economic and education reintegration",cpie,protection
training_capacity_building,Training/ Capacity building,cpie,protection
six_grave_child_rights_violations,Six grave Child Rights Violations,cpie,protection
community_based_child_protection_system,Community Based Child Protection System,cpie,protection
integrated_case_management_services,Integrated case management services,cpie,protection
emergency_supplies_distribution,Emergency Supplies Distribution,cpie,protection
legal_support,Legal Support,gbv,protection
psychosocial_and_mental_health_assistance,Psychosocial and mental health assistance,gbv,protection
distribution_of_dignity_kits_to_women_and_girls,Distribution of dignity kits to women and girls,gbv,protection
awareness_raising_and_advocacy,Awareness raising and advocacy,gbv,protection
capacity_of_frontline_providers_to_respond_to_gbv_is_built,Capacity of frontline providers to respond to GBV is built,gbv,protection
provision_of_cash_for_protection_aligned_on_meb,Provision of Cash for Protection ( aligned on MEB),gp,protection
health_assistance,Health assistance,gbv,protection
provision_of_individual_protection_assistance_ipa:_in-kind,Provision of Individual Protection Assistance (IPA): In-kind,gp,protection
provision_of_individual_protection_assistance_ipa:_emergency_cash_assistance,Provision of Individual Protection Assistance (IPA): emergency cash assistance,gp,protection
provision_of_psycho-social_support_pss_assistance,Provision of Psycho-Social Support (PSS) Assistance,gp,protection
provision_of_legal_counselling_and_assistance_identity_and_civil_documentation,Provision of Legal Counselling and Assistance (Identity and Civil documentation),gp,protection
anti_counter_trafficking,Anti/counter Trafficking,gp,protection
protection_monitoring,Protection Monitoring,gp,protection
"information,_counselling_and_legal_assistance","Information, Counselling and Legal Assistance",hlp,protection
community-based_protection_activities,Community-Based Protection activities,gp,protection
land_identification_and_allocation,Land identification and allocation,hlp,protection
training_capacity_building,Training/ Capacity building,hlp,protection
provision_of_land_clearance,Provision of land clearance,ma,protection
victim_assistance,Victim Assistance,ma,protection
physical_rehabilitation,Physical Rehabilitation,primary_health_care_services,health
provision_primary_health_care_services,Provision of Primary Health Care Services,primary_health_care_services,health
access_health_care_services,Access to Health Care Services,primary_health_care_services,health
training_health_care_providers,Training of Health Care Providers,health_training,health
provision_mental_health_psychosocial_support_services,Provision of Mental Health and Psychosocial Support (MHPSS) Services,mental_health_psychosocial_support,health
provision_covid_19_services,Provision of COVID-19 Services,health_training,health
education_hprc,Health Education & Awareness,health_promotion_risk_communication,health
provision_covid_19_services,Provision of COVID-19 Services,health_promotion_risk_communication,health
provision_maternal_newborn_child_health_services,"Provision of Maternal, Newborn and Child Health (MNCH) Services",maternal_newborn_child_health,health
provision_trauma_care_services,Provision of Trauma Care Services,trauma_care,health
penta3_coverage,Penta3 Coverage,vaccination,health
measles_coverage,Measles Coverage,vaccination,health
provision_covid_19_services,Provision of COVID-19 Services,surveillance,health
provision_covid_19_services,Provision of COVID-19 Services,covid_19,health
provision_essential_supplies,Provision of Essential Supplies,essential_supplies,health
food_assistance_in_kind_ipc4_75,Food Assistance - in Kind - IPC4 (75% ration),food_assistance,fsac
food_assistance_in_kind_ipc3_50,Food Assistance - in Kind - IPC3 (50% ration),food_assistance,fsac
food_assistance_cbt_ipc4_75,Food Assistance - CBT - IPC4 (75% ration),food_assistance,fsac
food_assistance_cbt_ipc3_50,Food Assistance - CBT - IPC3 (50% ration),food_assistance,fsac
livelihood_support,Livelihood Support,livelihood_support,fsac
livelihood_support_cash_for_work,Cash for Work,livelihood_support,fsac
livelihood_support_unconditional_cash,Unconditional Cash Transfer,livelihood_support,fsac
establishment_and_management_of_the_community_centers,Establishment and Management of the Community Centers,cccm_mechanisms,cccm
multi-sectorial_service_coordination_in_isets_and_idp_sites,Multi-sectorial service coordination in ISETs and IDP Sites,cccm_service_coordination,cccm
cccm_referral_and_escalation_systems_established,CCCM Referral and Escalation Systems Established,cccm_referral_mechanism,cccm
isets_and_idp_sites_with_app_psea_feedback_mechanism,ISETs and IDP sites with APP/PSEA - Feedback Mechanism,feedback_mechanisms,cccm
establish_mobile_cccm_team_per_site_area,Establish Mobile CCCM Team per site/area,mobile_site_management,cccm
"cccm_mobile_site_managers_staff_with_cccm_training_tot,_protection,_psea_and_gbv_risk_mitigation_training","CCCM Mobile Site Managers/Staff with CCCM Training (ToT), Protection, PSEA and GBV Risk Mitigation Training",cccm_training_capacity_building_activites,cccm
population_profiling_and_registration_in_isets_and_idp_sites,Population Profiling and Registration in ISETs and IDP Sites,population_information_management,cccm
"provision_of_displacement_sites_with_active_relocation,_resettlement_or_return_programmes","Provision of Displacement Sites with Active relocation, Resettlement or Return Programmes",return_relocation_integration,cccm
intention_return_surveys,Intention / Return Surveys,return_relocation_integration,cccm
monthly_needs_assessments_in_isets_idp_sites,Monthly needs assessments in ISETs/IDP Sites,service_monitoring,cccm
education,Education,service_provision,cccm
food_and_nutrition,Food and Nutrition,service_provision,cccm
"isets_idp_sites_with_representative_governance_structures,_community_focal_points_and_committees","ISETs / IDP Sites with Representative Governance Structures, Community Focal Points and Committees",participation,cccm
health,Health,service_provision,cccm
protection,Protection,service_provision,cccm
shelter,Shelter,service_provision,cccm
esnfi,ESNFI,service_provision,cccm
wash,WASH,service_provision,cccm
risk_communication_and_information_campaigns_on_covid-19,Risk communication and information campaigns on COVID-19,sharing_information,cccm
risk_communication_and_information_campaigns_on_flood_risk_mitigation,Risk communication and information campaigns on Flood Risk Mitigation,sharing_information,cccm
conduct_safety_audits_rapid_gender_assesssments,Conduct safety audits/rapid gender assesssments,site_care_and_maintenance,cccm
ensure_care_and_maintenance_of_the_isets_and_idp_sites_infrastructure,Ensure care and maintenance of the ISETs and IDP sites infrastructure,site_care_and_maintenance,cccm
use_of_wash_cluster_perception_indicators,Use of WASH Cluster Perception Indicators,accountability_quality_assurance,wash
wash_assistance_after_consultation_on_gbv_risks,WASH Assistance After consultation on GBV Risks,wash_gbv_mitigation,wash
use_of_wash_gbv_checklist,Use of WASH GBV Checklist,wash_gbv_mitigation,wash
no_of_persons_received_oral_cholera_vaccination,# of persons received oral cholera vaccination,cholera_vaccination,health
